Raw_Intensity,Median_Intensity,Median_Gaussian_Intensity
1002.0,1002.0,10403.696872602324
1076.0,1076.0,10916.33446252159
1262.0,1262.0,11903.389440278917
4676.0,4676.0,13292.676510428304
11318.0,11318.0,14986.071653972314
18443.0,18443.0,16870.148941643376
24641.0,24641.0,18828.02735650452
28685.0,28685.0,20750.846407837296
31617.0,30021.0,22547.262775172472
30615.0,30021.0,24149.8726251685
30021.0,30021.0,25517.91456740263
30021.0,30021.0,26636.36087404452
29984.0,29984.0,27512.03923999136
29428.0,29539.0,28167.938989399372
29539.0,29539.0,28636.834097382412
29539.0,29428.0,28955.3346694893
29316.0,29539.0,29159.174030429327
29057.0,29316.0,29280.064519171614
29576.0,29316.0,29344.08492145708
29242.0,29576.0,29371.416406071443
29762.0,29576.0,29376.879865077855
29762.0,29465.0,29370.854140616153
29465.0,29465.0,29360.345192503537
28871.0,29094.0,29349.92266337676
28834.0,29094.0,29342.385082539717
29094.0,29094.0,29339.28919687039
29725.0,29094.0,29341.26137138084
29316.0,29316.0,29348.1624597412
29094.0,29539.0,29359.245509341778
29539.0,29316.0,29373.320037144105
29762.0,29242.0,29388.94137072234
28908.0,29539.0,29404.632016321622
29242.0,29539.0,29419.10919819857
29910.0,29539.0,29431.428624022705
29539.0,29539.0,29441.113584214134
29613.0,29539.0,29448.155433975106
29242.0,29539.0,29453.01619677223
29502.0,29502.0,29456.52126393465
29613.0,29242.0,29459.762999672075
29205.0,29428.0,29463.920484597533
29242.0,29428.0,29470.137603843723
29428.0,29428.0,29479.385946873197
29613.0,29428.0,29492.334351885354
29502.0,29465.0,29509.25879125854
29353.0,29465.0,29530.00452510329
29465.0,29465.0,29553.969267706037
29353.0,29353.0,29580.194876310852
29725.0,29465.0,29607.48984559325
29353.0,29725.0,29634.615545906116
29836.0,29836.0,29660.507638307754
29984.0,29984.0,29684.46478948311
29984.0,29984.0,29706.252297788462
30059.0,29984.0,29726.129952022296
29242.0,29539.0,29744.760782931793
29539.0,29539.0,29762.996872075328
29502.0,29539.0,29781.647454870355
30059.0,29650.0,29801.265146496153
30170.0,29650.0,29821.98629684822
29650.0,29984.0,29843.50739162429
29539.0,29984.0,29865.15498700957
29984.0,29984.0,29886.034659694767
30170.0,29984.0,29905.23193014644
30021.0,30021.0,29921.97644523177
29687.0,30021.0,29935.75575037396
30021.0,30021.0,29946.34286158161
30355.0,29947.0,29953.763818251988
29910.0,29947.0,29958.212601955922
29947.0,29947.0,29959.96831799262
29576.0,29910.0,29959.28744598892
30244.0,29947.0,29956.38469032667
29539.0,30021.0,29951.43317882737
30059.0,30021.0,29944.59078687882
30021.0,30021.0,29936.056212915464
29687.0,30021.0,29926.101372394853
30244.0,29947.0,29915.096498955656
29947.0,29799.0,29903.465886786515
29799.0,29910.0,29891.663414884955
29762.0,29799.0,29880.085453938947
29910.0,29799.0,29869.025851434493
29725.0,29799.0,29858.6257885393
29799.0,29910.0,29848.88263977998
30318.0,29799.0,29839.66729640578
29947.0,29799.0,29830.785345990902
29799.0,29947.0,29822.03999542138
29576.0,29947.0,29813.28678432028
30133.0,29799.0,29804.46934044328
29984.0,29576.0,29795.633609640106
29539.0,29836.0,29786.918132723884
29428.0,29799.0,29778.5344805845
29836.0,29762.0,29770.747799726338
29799.0,29762.0,29763.830055710496
29762.0,29762.0,29758.079379013056
29687.0,29762.0,29753.75828140418
29465.0,29687.0,29751.096674191213
29799.0,29687.0,29750.258610285266
29613.0,29687.0,29751.336848812825
29687.0,29799.0,29754.317966231698
29799.0,29687.0,29759.07584392386
29947.0,29687.0,29765.390649559
29539.0,29799.0,29772.936283550374
29539.0,29799.0,29781.327402566803
29799.0,29799.0,29790.14486871686
29836.0,29799.0,29798.98135642518
29836.0,29836.0,29807.472094497556
29316.0,29836.0,29815.330563151747
29873.0,29836.0,29822.371168060286
29836.0,29836.0,29828.517684959108
30059.0,29873.0,29833.8128060207
29576.0,29836.0,29838.40721993317
29984.0,29984.0,29842.56094111251
29576.0,29576.0,29846.59878999543
30096.0,29984.0,29850.87943470499
29576.0,29910.0,29855.74814300939
30244.0,29910.0,29861.482031790023
29910.0,29687.0,29868.255140775625
29687.0,29799.0,29876.110160659453
29279.0,29799.0,29884.96039880187
29799.0,29799.0,29894.611782556
30133.0,30059.0,29904.811717955577
30244.0,30059.0,29915.281301557035
30059.0,30059.0,29925.754316760434
29650.0,29947.0,29936.000753196855
29762.0,29762.0,29945.815215756258
29947.0,29762.0,29955.012024247466
29725.0,29947.0,29963.41930664418
30318.0,30096.0,29970.884690758954
30096.0,30096.0,29977.29252071792
30467.0,30096.0,29982.58429892226
29984.0,30096.0,29986.765279187606
29465.0,29984.0,29989.90174751102
30170.0,29873.0,29992.078905561735
29873.0,29873.0,29993.35608308552
29799.0,29984.0,29993.697530436635
29984.0,29984.0,29992.990662373097
30281.0,30021.0,29991.020927553964
30170.0,30096.0,29987.52734578636
30021.0,30096.0,29982.277099262647
30096.0,30021.0,29975.158551021814
29428.0,29984.0,29966.249762191008
29650.0,29984.0,29955.868087837465
29984.0,29910.0,29944.597903889262
30318.0,29947.0,29933.25007398273
29910.0,29947.0,29922.80194994348
29947.0,29910.0,29914.28869221882
29873.0,29873.0,29908.675341668386
29762.0,29799.0,29906.719390029306
29539.0,29762.0,29908.847034638286
29799.0,29762.0,29915.06148730062
29687.0,29687.0,29924.920070003223
30133.0,29799.0,29937.556075102922
29650.0,30096.0,29951.822541922724
30096.0,30133.0,29966.44336305101
30170.0,30096.0,29980.19380214171
30393.0,30096.0,29992.06295901101
29725.0,30170.0,30001.377325446807
29984.0,29984.0,30007.836016262314
30207.0,29984.0,30011.496150782707
29799.0,29984.0,30012.702288355387
30059.0,30021.0,30011.986027173116
29687.0,30021.0,30009.964614206474
30021.0,30021.0,30007.259064988655
30652.0,30021.0,30004.436436596094
30021.0,30021.0,30001.969788287286
29725.0,29947.0,30000.237365332578
29947.0,29947.0,29999.512482590035
29873.0,29947.0,29999.97713840183
30281.0,29947.0,30001.725578883495
30355.0,29947.0,30004.767694549224
29836.0,30281.0,30009.02909973936
29947.0,29947.0,30014.34582747222
30318.0,29836.0,30020.45019467424
29650.0,29947.0,30026.969611942368
29687.0,30096.0,30033.443090855773
30096.0,30059.0,30039.30913150563
30133.0,30096.0,30043.959587444195
30059.0,30096.0,30046.80092237748
30096.0,30096.0,30047.31857032464
29947.0,30096.0,30045.147855201234
30096.0,30096.0,30040.154396615428
30281.0,30096.0,30032.484245112937
29725.0,30096.0,30022.58486908637
30318.0,30096.0,30011.200569512508
29799.0,29984.0,29999.31554452752
30096.0,29984.0,29988.06039824205
29984.0,29873.0,29978.58716588495
29873.0,29873.0,29971.922333074624
29725.0,29873.0,29968.81145165181
29873.0,29873.0,29969.59373306632
29873.0,29873.0,29974.126056986137
29873.0,29873.0,29981.75729576667
29799.0,29873.0,29991.408071379487
30281.0,29873.0,30001.68315218696
29502.0,30244.0,30011.087995115005
30430.0,30244.0,30018.22593003929
30244.0,30133.0,30022.0534434733
30133.0,30207.0,30021.984196856436
29910.0,30133.0,30017.9881323398
30207.0,30059.0,30010.57160974676
30059.0,29984.0,30000.6689582736
29799.0,29984.0,29989.459669475124
29984.0,29836.0,29978.179063197407
29836.0,29836.0,29967.949681456274
29650.0,29873.0,29959.633903560076
29873.0,29873.0,29953.78124262593
30578.0,29873.0,29950.63026169689
30281.0,30059.0,29950.158148689363
29873.0,30059.0,29952.14322135043
30059.0,29910.0,29956.242824301367
29836.0,29910.0,29962.039261959595
29910.0,29910.0,29969.074710782603
30355.0,29836.0,29976.871374814044
29725.0,29910.0,29984.951810850995
29762.0,30244.0,29992.863144887175
30467.0,29799.0,30000.205391735613
30244.0,30244.0,30006.680598822764
29799.0,30244.0,30012.096604109964
30393.0,29984.0,30016.36060789425
29984.0,29836.0,30019.472205603666
29687.0,29984.0,30021.475905610463
29836.0,29984.0,30022.41990765441
30207.0,29910.0,30022.340349148373
30281.0,30207.0,30021.257316624637
29910.0,30207.0,30019.185087056685
30541.0,30021.0,30016.168747407723
29687.0,29984.0,30012.306400422083
30021.0,29984.0,30007.76142689224
29984.0,29947.0,30002.76128200619
29947.0,29984.0,29997.5977359211
29799.0,29984.0,29992.6142648194
29984.0,29984.0,29988.194224461575
30021.0,29984.0,29984.76673105524
30355.0,30021.0,29982.808557465596
29836.0,30021.0,29982.81101936717
30133.0,29947.0,29985.24898575837
29947.0,29873.0,29990.529403021552
29502.0,29947.0,29998.877867446878
29873.0,29873.0,30010.314770924575
30021.0,29873.0,30024.571153759636
29428.0,30021.0,30041.094379552756
30133.0,30021.0,30059.09734928175
30207.0,30133.0,30077.6520047898
29391.0,30207.0,30095.812433435785
30244.0,30207.0,30112.732504673106
30207.0,30207.0,30127.79255261491
30467.0,30207.0,30140.638910553986
30059.0,30207.0,30151.199567209776
30170.0,30170.0,30159.647960519433
30244.0,30096.0,30166.323882378827
30096.0,30170.0,30171.633595866657
29873.0,30207.0,30175.95958918446
30244.0,30096.0,30179.594089502116
30207.0,30207.0,30182.703889645465
29947.0,30207.0,30185.29266270227
30207.0,30207.0,30187.245011774154
30541.0,30170.0,30188.351670581687
29873.0,30207.0,30188.35170230556
30170.0,30281.0,30186.985456872702
30281.0,30170.0,30184.04125065271
30318.0,30170.0,30179.39412326191
30170.0,30281.0,30173.040990598463
30021.0,30170.0,30165.137917884367
30318.0,30170.0,30156.007459776432
30133.0,30133.0,30146.143283718644
30207.0,30207.0,30136.17938865036
30096.0,30133.0,30126.83727400358
30541.0,30096.0,30118.835896477845
30021.0,30059.0,30112.7838498138
30059.0,30059.0,30109.06772798678
29836.0,30021.0,30107.769568478507
30615.0,29836.0,30108.62630091654
29687.0,29836.0,30111.068389430213
29687.0,30355.0,30114.317262346347
30393.0,30281.0,30117.528840448365
30355.0,30281.0,30119.970846775504
30281.0,30281.0,30121.149356977214
30133.0,30170.0,30120.884639240772
30170.0,30133.0,30119.311933494508
29984.0,30021.0,30116.79935361987
30021.0,30021.0,30113.829353759447
29947.0,29984.0,30110.8567894188
30281.0,30021.0,30108.214327856935
29613.0,30133.0,30106.065375807033
30801.0,30207.0,30104.407245395116
30133.0,30133.0,30103.143677642103
30207.0,30133.0,30102.1550763605
29687.0,30133.0,30101.376450728058
30133.0,30133.0,30100.82948304357
30430.0,30059.0,30100.624592963497
29836.0,30059.0,30100.915104557036
30059.0,30059.0,30101.838984468093
30059.0,30059.0,30103.453052166773
29799.0,30059.0,30105.682898819676
30207.0,30059.0,30108.31559653236
29984.0,30133.0,30111.042253942192
30207.0,30207.0,30113.485277887572
30133.0,30133.0,30115.294696065313
30430.0,30170.0,30116.226940297976
30133.0,30133.0,30116.203945770754
30170.0,30133.0,30115.353136681904
30133.0,30133.0,30114.009296807013
30021.0,30170.0,30112.667334676902
30207.0,30133.0,30111.89996616655
30393.0,30021.0,30112.255606193175
30021.0,30021.0,30114.148803005497
29465.0,30021.0,30117.7631744193
29539.0,30021.0,30122.98466140508
30059.0,30059.0,30129.391643079976
30170.0,30170.0,30136.294675271965
30355.0,30207.0,30142.807577012158
30244.0,30244.0,30147.967320726544
30207.0,30244.0,30150.859726555096
30244.0,30207.0,30150.741374167195
29762.0,30207.0,30147.134295099546
30021.0,30207.0,30139.895148418145
30207.0,30170.0,30129.239748608976
30355.0,30170.0,30115.734781441563
30170.0,30207.0,30100.25613712822
29910.0,30170.0,30083.905396583013
30207.0,29947.0,30067.91626844331
29873.0,29947.0,30053.533073015496
29947.0,29947.0,30041.888570487383
29984.0,29947.0,30033.916637249524
29836.0,29947.0,30030.25428595207
30096.0,29947.0,30031.20013859216
29947.0,29947.0,30036.722923687223
29947.0,29947.0,30046.504412590853
29687.0,29947.0,30059.995485000312
30281.0,30170.0,30076.507514689816
30170.0,30170.0,30095.291433102808
30281.0,30170.0,30115.60692795553
30059.0,30096.0,30136.765670749934
30021.0,30096.0,30158.166611864777
30096.0,30096.0,30179.310620047912
30318.0,30207.0,30199.817752740484
30207.0,30318.0,30219.454559259626
30541.0,30318.0,30238.141659735324
30467.0,30318.0,30255.962723475946
30318.0,30318.0,30273.156094702346
29910.0,30318.0,30290.072892177443
30059.0,30318.0,30307.102959072436
30615.0,30059.0,30324.5692650988
30318.0,30318.0,30342.63506254562
29799.0,30467.0,30361.191907529435
30689.0,30318.0,30379.812544957073
30467.0,30281.0,30397.73601990934
30281.0,30467.0,30413.940591838385
30133.0,30467.0,30427.251371366594
30504.0,30504.0,30436.527688460286
30578.0,30578.0,30440.851303384978
30838.0,30652.0,30439.72893090079
30838.0,30652.0,30433.222225026315
30652.0,30652.0,30422.021961447255
30170.0,30504.0,30407.40915333149
30244.0,30244.0,30391.133561021416
30504.0,30244.0,30375.20219680151
30096.0,30244.0,30361.627152799305
30504.0,30207.0,30352.148757815172
30207.0,30207.0,30347.99819775803
30207.0,30207.0,30349.713466126414
30393.0,30207.0,30357.052022617336
29910.0,30207.0,30368.99573384143
30467.0,30393.0,30383.876945595373
30059.0,30355.0,30399.563327469536
30467.0,30467.0,30413.777409356142
30355.0,30467.0,30424.395884264704
30801.0,30764.0,30429.74724037665
30838.0,30764.0,30428.86257381858
30764.0,30764.0,30421.607376523327
30355.0,30578.0,30408.656784186758
30578.0,30355.0,30391.33810083795
30170.0,30170.0,30371.359158774852
30021.0,30170.0,30350.487913014178
30170.0,30170.0,30330.225987510683
30281.0,30170.0,30311.582462915037
30281.0,30170.0,30294.97093017332
30021.0,30281.0,30280.233371303886
29947.0,30281.0,30266.806799313625
30430.0,30393.0,30253.940651461537
30393.0,30393.0,30240.951995107647
30504.0,30393.0,30227.38856802558
30244.0,30244.0,30213.156225436054
30021.0,30244.0,30198.50721309675
29984.0,30021.0,30183.94812993915
30318.0,30021.0,30170.10204873245
29762.0,30096.0,30157.534089372355
30096.0,30096.0,30146.62330304931
30096.0,30096.0,30137.47365127819
30393.0,30096.0,30129.909059245234
29650.0,30170.0,30123.500148344683
30170.0,30170.0,30117.65557255073
30207.0,30059.0,30111.729161278556
29947.0,30170.0,30105.123886624384
30059.0,30170.0,30097.39254717962
30170.0,30059.0,30088.308150482753
30281.0,30133.0,30077.90073232173
29873.0,30170.0,30066.46620355819
30133.0,30133.0,30054.536485972014
30355.0,29873.0,30042.845607097166
29725.0,30133.0,30032.232506616292
29725.0,29910.0,30023.560170240627
30355.0,29910.0,30017.604829887277
29910.0,29947.0,30014.96738708506
30281.0,29947.0,30015.97404419307
29947.0,29947.0,30020.635958056242
29836.0,29984.0,30028.60942387631
30059.0,29947.0,30039.218713648574
29984.0,29984.0,30051.508254164757
29873.0,30059.0,30064.33692305196
30318.0,30170.0,30076.491269054084
30244.0,30170.0,30086.815741329676
30170.0,30244.0,30094.339327114103
29947.0,30170.0,30098.366557997902
30541.0,30170.0,30098.55272428748
30170.0,30170.0,30094.90161448814
29762.0,30170.0,30087.738189235002
30207.0,30170.0,30077.62397056519
29836.0,29947.0,30065.26554582876
30170.0,30021.0,30051.402209143318
29947.0,30021.0,30036.713037650203
30021.0,30021.0,30021.741763059723
30207.0,29947.0,30006.901727220386
29947.0,30021.0,29992.449937291247
29836.0,29947.0,29978.55803428934
30021.0,29947.0,29965.360981859325
29836.0,30021.0,29953.01582404198
30096.0,30021.0,29941.730069556972
30096.0,29873.0,29931.774955422137
29613.0,29873.0,29923.449439166256
29873.0,29873.0,29917.024867448094
29650.0,29873.0,29912.682958241276
30059.0,29873.0,29910.441245564027
29947.0,29650.0,29910.139867516453
29613.0,29947.0,29911.452163874223
29576.0,29947.0,29913.940521806053
29984.0,29984.0,29917.158507355358
29984.0,29984.0,29920.75987648401
30021.0,29984.0,29924.589129742195
29873.0,29984.0,29928.763803477384
29947.0,29947.0,29933.644520060094
30096.0,29873.0,29939.801704395744
29762.0,29947.0,29947.89308606473
29836.0,29836.0,29958.51800522457
30281.0,29836.0,29972.068942235073
29836.0,29836.0,29988.616565940196
29984.0,29984.0,30007.837627014145
29799.0,29984.0,30029.01778818353
30021.0,30021.0,30051.124838740212
30393.0,30096.0,30072.93600004694
30133.0,30133.0,30093.20025810598
30096.0,30393.0,30110.81390881451
30764.0,30207.0,30124.96429916408
30615.0,30207.0,30135.227132789576
30207.0,30207.0,30141.600348866014
30207.0,30207.0,30144.45892576606
29910.0,30207.0,30144.474753623483
30244.0,30207.0,30142.488684234813
30244.0,29910.0,30139.374162771383
29836.0,30096.0,30135.921238697152
29799.0,30096.0,30132.758328961412
30096.0,30096.0,30130.321605768047
30170.0,30170.0,30128.851026547592
30355.0,30170.0,30128.419693067568
30504.0,30170.0,30128.98153211287
30096.0,30096.0,30130.389406133938
30096.0,30096.0,30132.427859315525
30096.0,30096.0,30134.81172250757
29947.0,30096.0,30137.206344694954
29984.0,30096.0,30139.253543821636
30170.0,30170.0,30140.612376257723
30207.0,30207.0,30141.037919718634
30207.0,30207.0,30140.451595063358
30541.0,30207.0,30139.024871368445
30021.0,30207.0,30137.171356601357
29836.0,30318.0,30135.54371847429
30318.0,30021.0,30134.939642083533
30541.0,29984.0,30136.173781503985
29687.0,29984.0,30139.91681290852
29984.0,29984.0,30146.586235000435
29984.0,29984.0,30156.238497805578
30355.0,30170.0,30168.575778796974
30281.0,30281.0,30182.97319730709
30170.0,30281.0,30198.578511985652
30281.0,30281.0,30214.432746601444
30281.0,30207.0,30229.577833843694
30133.0,30281.0,30243.153176545446
30207.0,30281.0,30254.460678529464
30393.0,30207.0,30262.997708707426
30467.0,30393.0,30268.46731369209
29984.0,30393.0,30270.772392112296
30689.0,30355.0,30270.001150946664
30355.0,30244.0,30266.40378410666
30244.0,30355.0,30260.357374353698
29947.0,30244.0,30252.333243901478
30393.0,30170.0,30242.834307643352
30059.0,30170.0,30232.359007700106
30170.0,30355.0,30221.37186643971
30355.0,30170.0,30210.251849867855
30430.0,30170.0,30199.303038252336
30170.0,30170.0,30188.755441301422
30133.0,30170.0,30178.786978978907
29984.0,30133.0,30169.555676754382
30281.0,30133.0,30161.24720693202
30096.0,30207.0,30154.08874212922
30281.0,30207.0,30148.366431979888
30207.0,30096.0,30144.412273389557
30096.0,30096.0,30142.55334471433
30096.0,30096.0,30143.064745443364
29910.0,30096.0,30146.08513446195
30281.0,30059.0,30151.554920663693
30059.0,30059.0,30159.198109467874
29910.0,30059.0,30168.52227329572
30393.0,30059.0,30178.88607682569
29799.0,30393.0,30189.588486776225
30615.0,30393.0,30199.97537681362
30393.0,30281.0,30209.516193264637
30281.0,30281.0,30217.84668041682
29910.0,30207.0,30224.762000351744
30207.0,30170.0,30230.171683200526
29984.0,30170.0,30234.0092586663
30170.0,30170.0,30236.178403952938
30393.0,30170.0,30236.517813749946
30133.0,30355.0,30234.81739419776
30504.0,30355.0,30230.86521926488
30355.0,30355.0,30224.546863724252
29836.0,30355.0,30215.925185338165
30393.0,30170.0,30205.296197361495
29910.0,30170.0,30193.201489592342
30170.0,30170.0,30180.401593257826
30170.0,30170.0,30167.79234949388
29947.0,30170.0,30156.302779601294
30467.0,30059.0,30146.78518100919
29984.0,29984.0,30139.9176456213
30059.0,30059.0,30136.13285939442
29984.0,30059.0,30135.57921050195
30170.0,30133.0,30138.137930953395
30133.0,30133.0,30143.43122972765
30467.0,30133.0,30150.878265121642
30096.0,30133.0,30159.76544305208
30096.0,30170.0,30169.30554451833
30355.0,30170.0,30178.692688353243
30170.0,30207.0,30187.15541499942
30207.0,30355.0,30193.991320182515
30504.0,30207.0,30198.58973237725
30393.0,30207.0,30200.463308059836
30096.0,30244.0,30199.257333873713
30170.0,30244.0,30194.786803369425
30244.0,30207.0,30187.06548135911
30355.0,30244.0,30176.34530498503
30207.0,30244.0,30163.15590077995
30318.0,30207.0,30148.317213595627
30170.0,30207.0,30132.914136123713
29725.0,30170.0,30118.229869210743
30281.0,30059.0,30105.6248804396
30059.0,29910.0,30096.402296525604
29910.0,29910.0,30091.643499571925
29910.0,29910.0,30092.07483629264
29799.0,29910.0,30097.97364172199
29984.0,29984.0,30109.136705898563
30244.0,30170.0,30124.9015904772
30504.0,30207.0,30144.22775354587
30170.0,30207.0,30165.799635051964
30207.0,30207.0,30188.136567658643
29836.0,30170.0,30209.694718100294
30244.0,30207.0,30228.978200498528
29799.0,30244.0,30244.612748089607
30726.0,30430.0,30255.445176586276
30541.0,30430.0,30260.638524711278
30430.0,30430.0,30259.757483203546
30355.0,30355.0,30252.835414962065
30355.0,30355.0,30240.407423936784
30096.0,30355.0,30223.478449805014
30578.0,30318.0,30203.430394906853
30096.0,30096.0,30181.880173104262
30318.0,30096.0,30160.495132452903
29947.0,29947.0,30140.79955846397
29910.0,29947.0,30124.014767839377
29873.0,29947.0,30110.96155068438
30393.0,30096.0,30102.00934494329
30096.0,30096.0,30097.10541749899
30133.0,30096.0,30095.852831500277
30021.0,30096.0,30097.616894343173
29910.0,30133.0,30101.62632667416
30170.0,30021.0,30107.079030974484
30393.0,30059.0,30113.222178930308
29799.0,30170.0,30119.409949371508
30059.0,30170.0,30125.17433879582
30170.0,30170.0,30130.237163955157
30207.0,30170.0,30134.55232105055
30393.0,30170.0,30138.293408577985
30096.0,30207.0,30141.820083158113
30021.0,30207.0,30145.61051947268
30318.0,30096.0,30150.165392901807
30207.0,30021.0,30155.89226550731
29836.0,30059.0,30163.004788452472
30021.0,30059.0,30171.453049680942
30059.0,30059.0,30180.92238736558
30393.0,30244.0,30190.877270157514
30244.0,30318.0,30200.661118620046
30875.0,30318.0,30209.637160253198
30318.0,30318.0,30217.301579864805
29502.0,30318.0,30223.3589779297
30355.0,30244.0,30227.74671266158
30021.0,30244.0,30230.600577680198
30244.0,30244.0,30232.161061859075
30244.0,30021.0,30232.663324140114
30021.0,30244.0,30232.26018931342
29910.0,30207.0,30230.9639009901
30430.0,30207.0,30228.656831299588
30207.0,30318.0,30225.14711445201
30318.0,30318.0,30220.253621921598
30467.0,30318.0,30213.888902364488
30318.0,30318.0,30206.11871265573
30096.0,30244.0,30197.17271986258
29984.0,30096.0,30187.42935493361
30244.0,30059.0,30177.357479582402
30059.0,30059.0,30167.4646993296
30059.0,30207.0,30158.244756384865
30281.0,30059.0,30150.1544220449
30207.0,30207.0,30143.60061370024
29947.0,30281.0,30138.92609957345
30504.0,30207.0,30136.396857881922
30318.0,29984.0,30136.153563993652
29984.0,29984.0,30138.16449665424
29947.0,29984.0,30142.17467653807
29984.0,29984.0,30147.680120145025
30726.0,30207.0,30153.96067348778
30281.0,30244.0,30160.155266971775
30207.0,30281.0,30165.3977796911
30244.0,30281.0,30168.933296359257
30652.0,30281.0,30170.259379416875
30281.0,30281.0,30169.181810203492
30689.0,30281.0,30165.825949187165
29836.0,30059.0,30160.583906844884
30059.0,30059.0,30154.025108596154
30059.0,30059.0,30146.789968579287
30096.0,30096.0,30139.498637296187
30355.0,30096.0,30132.700226261666
30244.0,30244.0,30126.852706572477
30059.0,30244.0,30122.318926235464
30318.0,30059.0,30119.37158751924
29799.0,30059.0,30118.210560802116
29984.0,29984.0,30118.937706188466
30615.0,29984.0,30121.5371798961
29984.0,30170.0,30125.84636425146
30170.0,30170.0,30131.553803880928
30504.0,30059.0,30138.207724571454
30059.0,30170.0,30145.248335197986
30059.0,30244.0,30152.083578486254
30541.0,30059.0,30158.16160755276
30244.0,30244.0,30163.061781124237
29947.0,30244.0,30166.571784923548
30244.0,30244.0,30168.74279178457
30726.0,30207.0,30169.89906397165
30207.0,30207.0,30170.60506689381
29613.0,30207.0,30171.569983495516
30207.0,30133.0,30173.5329482413
30133.0,30021.0,30177.110516303204
29910.0,30133.0,30182.662941008122
30021.0,30021.0,30190.188323979593
30207.0,30021.0,30199.296758625776
30021.0,30207.0,30209.2445525779
30615.0,30318.0,30219.048598689507
30393.0,30393.0,30227.667285921
30318.0,30393.0,30234.164455179456
30430.0,30318.0,30237.897839402216
30096.0,30318.0,30238.636073366582
30281.0,30281.0,30236.606275271537
30430.0,30244.0,30232.46971039015
30244.0,30244.0,30227.25882730691
30096.0,30207.0,30222.2356109455
30207.0,30133.0,30218.727117884846
30133.0,30133.0,30217.97619411085
30021.0,30133.0,30220.980805203042
30207.0,30133.0,30228.360665494867
29947.0,30133.0,30240.262783038263
30133.0,30133.0,30256.318018831724
30244.0,30133.0,30275.645654002932
30059.0,30244.0,30296.918763055644
30355.0,30355.0,30318.478490646183
30467.0,30467.0,30338.517544221457
30726.0,30467.0,30355.256210996948
30652.0,30467.0,30367.150470966742
30430.0,30652.0,30373.06838961683
30170.0,30467.0,30372.42692216606
30726.0,30467.0,30365.276382927867
30467.0,30467.0,30352.31792541389
30652.0,30467.0,30334.849868405858
30244.0,30281.0,30314.65407489149
30207.0,30281.0,30293.833582306062
30281.0,30244.0,30274.581246106136
30281.0,30207.0,30258.950428064498
30021.0,30021.0,30248.599596905515
29947.0,30021.0,30244.57486848103
29984.0,30021.0,30247.154847286554
30021.0,30021.0,30255.77528770921
30504.0,30133.0,30269.066234434467
30133.0,30281.0,30284.988431622456
30467.0,30467.0,30301.073070208513
30281.0,30467.0,30314.700198347866
30578.0,30504.0,30323.4220718258
30652.0,30504.0,30325.242261662053
30504.0,30578.0,30318.836907773024
30318.0,30504.0,30303.693912261162
30652.0,30393.0,30280.154890949696
30393.0,30318.0,30249.375285080052
29910.0,30318.0,30213.177258785334
30281.0,30281.0,30173.883827611407
30318.0,30021.0,30134.067917608707
29836.0,30021.0,30096.32785522187
30021.0,29836.0,30063.052688962423
29725.0,29836.0,30036.22948225379
29836.0,29836.0,30017.304882957877
29279.0,29836.0,30007.1050751477
30059.0,29873.0,30005.82796150504
29873.0,29873.0,30013.10267334523
30467.0,29947.0,30028.10080207147
29613.0,29947.0,30049.663510718234
29947.0,30133.0,30076.46921938559
30355.0,30096.0,30107.144160933916
30133.0,30133.0,30140.368212393092
30096.0,30244.0,30174.91433357756
30244.0,30244.0,30209.667519148967
30430.0,30244.0,30243.612207523183
30244.0,30244.0,30275.813432227485
30133.0,30244.0,30305.391487274508
30615.0,30244.0,30331.55000991158
30244.0,30615.0,30353.60265878686
30652.0,30615.0,30371.03003513511
30764.0,30504.0,30383.537837660977
30504.0,30504.0,30391.108790918523
30318.0,30355.0,30394.02017489678
30059.0,30355.0,30392.81956281473
30355.0,30355.0,30388.289674285574
30504.0,30504.0,30381.34196169994
30578.0,30504.0,30372.910485548062
30541.0,30504.0,30363.838707564257
29984.0,30133.0,30354.76450141436
30133.0,30133.0,30346.05024344862
30059.0,30133.0,30337.75456842583
30318.0,30318.0,30329.6714242757
30504.0,30467.0,30321.414168140953
30838.0,30467.0,30312.545920410208
30467.0,30467.0,30302.71395958419
30170.0,30467.0,30291.7546965607
30021.0,30170.0,30279.749922974883
30578.0,30170.0,30267.016053614112
29947.0,30244.0,30254.05100773441
30615.0,30244.0,30241.432223092484
30244.0,30059.0,30229.738878258202
30059.0,30244.0,30219.46122842807
29947.0,30244.0,30210.96103009054
30244.0,30096.0,30204.46482323803
30393.0,30244.0,30200.072947418455
30096.0,30244.0,30197.787695727173
30281.0,30133.0,30197.528089383108
30096.0,30133.0,30199.151359166262
30133.0,30133.0,30202.45002553739
30244.0,30133.0,30207.166285245505
30021.0,30244.0,30212.983386733424
30615.0,30244.0,30219.562981103794
30504.0,30281.0,30226.555794707645
30207.0,30281.0,30233.624530972113
30281.0,30207.0,30240.47623847017
29984.0,30207.0,30246.858597548784
30059.0,30281.0,30252.571530800054
30467.0,30244.0,30257.465069360052
30467.0,30318.0,30261.413828919212
30244.0,30318.0,30264.32118590262
30318.0,30244.0,30266.104818500018
30133.0,30244.0,30266.68980077911
29984.0,30318.0,30265.98255322184
30541.0,30281.0,30263.902985368455
30393.0,30281.0,30260.372471387796
30281.0,30281.0,30255.33760127476
29762.0,30244.0,30248.819157877835
30244.0,30244.0,30240.946545352457
30207.0,30244.0,30231.99574003188
30541.0,30281.0,30222.43414259082
30281.0,30281.0,30212.903526129478
30281.0,30281.0,30204.174661855985
30504.0,30281.0,30197.039086387816
29650.0,29984.0,30192.166833327803
29947.0,29984.0,30189.949726622614
29984.0,29984.0,30190.366769745007
30318.0,30059.0,30192.905592086467
30207.0,30207.0,30196.567658414002
30059.0,30281.0,30200.006481440047
30652.0,30281.0,30201.702924690955
30281.0,30281.0,30200.243287632053
30541.0,30467.0,30194.548617798384
30244.0,30355.0,30184.100814133522
30467.0,30355.0,30169.05246939392
30355.0,30244.0,30150.221080213338
30059.0,30133.0,30128.952399113296
30021.0,30059.0,30106.898739007
30133.0,30021.0,30085.742221042023
29799.0,29799.0,30066.9328785868
29762.0,29799.0,30051.504862520436
29687.0,29799.0,30039.99529569463
30170.0,30021.0,30032.47785940628
30021.0,30096.0,30028.710575367033
30096.0,30170.0,30028.311210590968
30170.0,30170.0,30030.932217377274
30541.0,30170.0,30036.34927439141
30355.0,30170.0,30044.480291427542
29725.0,29725.0,30055.285097534288
29725.0,29725.0,30068.62664251775
29687.0,29725.0,30084.132103609576
30393.0,30207.0,30101.11151681302
30244.0,30244.0,30118.573440717628
30207.0,30281.0,30135.347355373153
30281.0,30281.0,30150.251473788092
30504.0,30281.0,30162.315745940672
30615.0,30281.0,30170.93574261414
30281.0,30318.0,30175.969304879625
30059.0,30281.0,30177.7287057887
30318.0,30133.0,30176.906714822893
29947.0,30059.0,30174.416844606323
30133.0,30133.0,30171.234056694968
29799.0,30021.0,30168.25903546188
30207.0,30133.0,30166.22814368773
30021.0,30207.0,30165.675189576155
30393.0,30207.0,30166.92653218218
30244.0,30170.0,30170.13746704472
29799.0,30170.0,30175.317300472507
30170.0,30133.0,30182.355650511097
29836.0,30133.0,30191.018787115496
30133.0,30133.0,30200.927973664257
30578.0,30133.0,30211.568446931167
30096.0,30133.0,30222.29103219648
30133.0,30467.0,30232.36358935807
30838.0,30170.0,30241.01913355286
30467.0,30355.0,30247.558940473806
30170.0,30355.0,30251.458729402293
30355.0,30355.0,30252.465060156996
30059.0,30170.0,30250.66763945922
30355.0,30355.0,30246.524583389502
30133.0,30355.0,30240.860422197453
30393.0,30355.0,30234.756462385274
30467.0,30133.0,30229.45056687746
29799.0,30096.0,30226.169211984165
30059.0,30096.0,30225.94074065313
30096.0,30059.0,30229.445242818234
30281.0,30096.0,30236.909591847456
29799.0,30096.0,30248.0434351737
30467.0,30281.0,30262.063483239417
30059.0,30318.0,30277.78958353332
30318.0,30393.0,30293.773776372982
30393.0,30318.0,30308.462603086504
30467.0,30393.0,30320.370444658474
30281.0,30430.0,30328.2315580641
30578.0,30467.0,30331.109279859455
30430.0,30430.0,30328.493621481608
30652.0,30430.0,30320.303877551705
29650.0,30430.0,30306.94470339134
30430.0,30430.0,30289.238031206034
30541.0,30133.0,30268.387651531324
30133.0,30355.0,30245.88400086851
29947.0,30133.0,30223.411507066925
30355.0,30133.0,30202.69952440018
29910.0,30207.0,30185.363241881816
30207.0,30207.0,30172.731524667666
30207.0,29910.0,30165.686859447764
29836.0,29910.0,30164.544289561527
29910.0,29910.0,30169.00049345076
29799.0,29910.0,30178.17711261533
30467.0,30170.0,30190.75267744703
30170.0,30467.0,30205.190686011356
30726.0,30467.0,30219.989765167415
30467.0,30355.0,30233.931962323488
30355.0,30355.0,30246.251149252377
30021.0,30355.0,30256.71551588748
29836.0,30318.0,30265.578164540853
30355.0,30021.0,30273.438295969718
30318.0,30244.0,30281.0425918433
29984.0,30244.0,30289.071997558767
30244.0,30244.0,30297.978600464987
30244.0,30244.0,30307.88821367871
30355.0,30244.0,30318.57203751081
29947.0,30355.0,30329.545864766955
30541.0,30355.0,30340.158229785833
30504.0,30504.0,30349.749984270806
30244.0,30504.0,30357.79305780894
30504.0,30393.0,30363.983247995133
30393.0,30355.0,30368.280445345597
30355.0,30393.0,30370.915739723398
30059.0,30393.0,30372.321658211178
30689.0,30355.0,30373.034050380484
30615.0,30355.0,30373.5891620689
29873.0,30355.0,30374.39769220415
30355.0,30318.0,30375.656608082532
30059.0,30318.0,30377.294873234598
30318.0,30318.0,30378.977543229288
30467.0,30318.0,30380.151412935636
30318.0,30467.0,30380.14515037574
30578.0,30467.0,30378.282623930063
30504.0,30504.0,30374.05940574004
30170.0,30504.0,30367.245198672408
30801.0,30393.0,30357.972179335466
29984.0,30393.0,30346.768174448236
30393.0,30393.0,30334.500167110687
30430.0,30281.0,30322.267532359307
30281.0,30281.0,30311.225303539995
30207.0,30207.0,30302.410502804614
29910.0,30133.0,30296.553256144856
30096.0,30133.0,30293.953043106638
30133.0,30133.0,30294.427200776867
30170.0,30170.0,30297.358070686143
30912.0,30430.0,30301.778432238483
30949.0,30430.0,30306.5760735672
30430.0,30430.0,30310.672923143044
30059.0,30393.0,30313.203789908293
30393.0,30393.0,30313.635495520593
30393.0,30393.0,30311.822274044738
30170.0,30393.0,30307.967684958378
30541.0,30207.0,30302.537080996903
29947.0,30207.0,30296.131228613278
30207.0,30281.0,30289.34679853004
30281.0,30207.0,30282.665581126043
30430.0,30281.0,30276.38370413043
30133.0,30281.0,30270.591527693203
30281.0,30281.0,30265.20209198465
29947.0,30207.0,30260.01773395825
30281.0,30281.0,30254.810796277805
30207.0,30281.0,30249.420032620805
30541.0,30281.0,30243.813476258445
30504.0,30207.0,30238.122063744493
30059.0,30504.0,30232.644987073843
30096.0,30133.0,30227.810820973726
30504.0,30096.0,30224.107160267875
30133.0,30096.0,30222.006035264294
30059.0,30133.0,30221.8888517362
29947.0,30133.0,30223.98973492672
30430.0,30281.0,30228.365319741897
30355.0,30281.0,30234.888982095206
30281.0,30281.0,30243.26088237681
29984.0,30207.0,30253.0250773415
30207.0,30207.0,30263.57589805579
29947.0,30207.0,30274.197323265027
30467.0,30207.0,30284.089943855797
30430.0,30355.0,30292.425244918097
30133.0,30430.0,30298.420165697753
30355.0,30430.0,30301.424348551904
30467.0,30355.0,30301.018873376233
30430.0,30355.0,30297.0971207294
30355.0,30430.0,30289.918248416405
30244.0,30355.0,30280.106138706185
30467.0,30244.0,30268.596032660735
30059.0,30244.0,30256.518651797036
30021.0,30281.0,30245.07213767864
30355.0,30096.0,30235.323841773352
30281.0,30096.0,30228.08693543562
30096.0,30096.0,30223.80425486494
29873.0,30096.0,30222.50729175713
30059.0,30096.0,30223.842457221202
30393.0,30207.0,30227.18212626783
30430.0,30393.0,30231.753441515335
30207.0,30393.0,30236.80431305787
30430.0,30393.0,30241.726240658805
30393.0,30207.0,30246.142572498502
30207.0,30207.0,30249.92595707744
29947.0,30207.0,30253.16280777328
30207.0,30207.0,30256.09300317166
30318.0,30207.0,30259.013648595184
30281.0,30281.0,30262.208269032806
29910.0,30281.0,30265.910138166495
30355.0,30281.0,30270.27247421122
30281.0,30281.0,30275.36083962377
30430.0,30281.0,30281.16969563084
30244.0,30281.0,30287.61699319457
29799.0,30244.0,30294.55880082414
30578.0,30244.0,30301.803454866014
30021.0,30281.0,30309.097506718925
30430.0,30355.0,30316.153576548375
30281.0,30355.0,30322.683268269546
30355.0,30430.0,30328.40915349906
30504.0,30355.0,30333.095282781425
30578.0,30355.0,30336.572815796266
29650.0,30318.0,30338.762040479534
30059.0,30318.0,30339.662330755742
30318.0,30318.0,30339.373308584734
30541.0,30318.0,30338.07547328208
30504.0,30504.0,30336.004551698985
30207.0,30504.0,30333.42723916864
30504.0,30207.0,30330.580154012347
29873.0,30207.0,30327.620432538657
30170.0,30318.0,30324.576965461325
30355.0,30170.0,30321.33781435206
30318.0,30318.0,30317.662866176128
30133.0,30355.0,30313.254125444568
30912.0,30318.0,30307.834105385857
30541.0,30541.0,30301.245961817876
30207.0,30541.0,30293.515342979474
30801.0,30207.0,30284.875346643053
30170.0,30207.0,30275.724125452594
29984.0,30170.0,30266.5602084638
30318.0,30133.0,30257.86386570087
29762.0,30133.0,30250.01021086778
30133.0,30318.0,30243.203826028635
30467.0,30207.0,30237.473313049515
30393.0,30207.0,30232.69247279194
30207.0,30393.0,30228.656646781517
30133.0,30207.0,30225.156587049234
30393.0,30207.0,30222.050524547332
30170.0,30170.0,30219.29578218767
30355.0,30244.0,30216.988511281073
30133.0,30170.0,30215.326241869272
30244.0,30244.0,30214.605285229896
30021.0,30170.0,30215.167015719377
30578.0,30244.0,30217.332849830294
30170.0,30170.0,30221.36103957793
30244.0,30170.0,30227.3762610793
29910.0,30170.0,30235.316546005368
30096.0,30244.0,30244.907928588505
30467.0,30096.0,30255.649064778943
30244.0,30244.0,30266.819067334865
30059.0,30355.0,30277.555829219586
30578.0,30355.0,30286.941793481135
30355.0,30355.0,30294.110325549
30467.0,30467.0,30298.36826506425
30059.0,30355.0,30299.309245254648
30912.0,30281.0,30296.872456683806
30133.0,30281.0,30291.387910115445
30281.0,30578.0,30283.55334952394
30801.0,30281.0,30274.338945703294
30578.0,30281.0,30264.88219519516
29947.0,30096.0,30256.31330908252
30096.0,30096.0,30249.608369454225
30096.0,30096.0,30245.444144706034
30133.0,30133.0,30244.13064261359
30764.0,30207.0,30245.589258593718
30244.0,30244.0,30249.428783018528
30207.0,30281.0,30255.048670320226
30504.0,30281.0,30261.796436518234
30281.0,30393.0,30269.10120736962
30764.0,30393.0,30276.589366822947
30393.0,30281.0,30284.118938839994
30207.0,30281.0,30291.78056311647
30281.0,30207.0,30299.838061414073
30059.0,30207.0,30308.61823331507
30133.0,30281.0,30318.431418713157
30467.0,30281.0,30329.495154218166
30281.0,30393.0,30341.87048428188
30615.0,30393.0,30355.454723156654
30393.0,30281.0,30369.993691355696
29910.0,30393.0,30385.123704350728
30281.0,30393.0,30400.39097640403
30689.0,30430.0,30415.333100264415
30430.0,30430.0,30429.510887098186
30430.0,30467.0,30442.5705760091
30467.0,30467.0,30454.264991801545
30764.0,30578.0,30464.454207893235
30578.0,30578.0,30473.08756393695
30578.0,30578.0,30480.157286564725
30430.0,30430.0,30485.606539610748
30355.0,30355.0,30489.300181604413
30133.0,30355.0,30490.998876545935
30318.0,30355.0,30490.383199400378
30689.0,30689.0,30487.139199124613
30689.0,30689.0,30481.09324492843
30949.0,30689.0,30472.311839081536
30689.0,30689.0,30461.20110224942
30281.0,30504.0,30448.509261232153
30504.0,30281.0,30435.24748378911
29947.0,30244.0,30422.54604909321
30244.0,30244.0,30411.47932451923
30207.0,30244.0,30402.88778448976
30430.0,30355.0,30397.257761261637
30504.0,30355.0,30394.67990938368
30355.0,30430.0,30394.874480770643
30244.0,30504.0,30397.263781253823
30912.0,30355.0,30401.10573702895
30615.0,30244.0,30405.606764532604
30133.0,30615.0,30410.036706647537
29836.0,30393.0,30413.79926009757
30986.0,30393.0,30416.481609532966
30393.0,30504.0,30417.862500836527
30689.0,30504.0,30417.916606908948
30504.0,30393.0,30416.787708407173
30170.0,30504.0,30414.754568470966
30318.0,30318.0,30412.208153138814
30504.0,30318.0,30409.600874033265
30318.0,30393.0,30407.40851264247
30393.0,30504.0,30406.0937213295
30652.0,30393.0,30406.049132474636
30504.0,30393.0,30407.54592603953
30096.0,30467.0,30410.68502554964
30207.0,30207.0,30415.349710739607
30467.0,30207.0,30421.17933859063
30170.0,30467.0,30427.605595055094
30652.0,30467.0,30433.883525773483
30467.0,30541.0,30439.20738212664
30615.0,30541.0,30442.83747214298
30541.0,30541.0,30444.212546328028
30541.0,30541.0,30443.049761761235
30726.0,30541.0,30439.41545800404
30393.0,30430.0,30433.687551209037
30430.0,30430.0,30426.50504415978
30207.0,30393.0,30418.67491091491
30764.0,30355.0,30411.032120413718
30281.0,30281.0,30404.333467634817
30355.0,30355.0,30399.175395658014
30133.0,30355.0,30395.926846581126
30689.0,30393.0,30394.727288185357
30541.0,30393.0,30395.502165973954
30393.0,30393.0,30398.008820573126
30133.0,30393.0,30401.862999360113
30244.0,30393.0,30406.630174984097
30726.0,30244.0,30411.848050629138
30541.0,30541.0,30417.062480175628
30096.0,30541.0,30421.878934473043
30652.0,30430.0,30426.007608370317
30207.0,30430.0,30429.24031350772
30430.0,30430.0,30431.500544842565
30541.0,30430.0,30432.829884955157
30393.0,30430.0,30433.387792262576
30504.0,30504.0,30433.438687007067
30318.0,30393.0,30433.328270554928
30652.0,30504.0,30433.438982482035
29984.0,30393.0,30434.144049553634
30541.0,30393.0,30435.741618671822
30393.0,30393.0,30438.384468112516
30393.0,30393.0,30442.020840688907
30541.0,30393.0,30446.372557491628
30133.0,30393.0,30450.914051297634
30244.0,30541.0,30454.934946707388
30801.0,30244.0,30457.63964672443
30838.0,30615.0,30458.27245096788
30059.0,30764.0,30456.258244035733
30615.0,30615.0,30451.334591810883
30764.0,30355.0,30443.626610554904
30318.0,30615.0,30433.69218239443
30355.0,30355.0,30422.462962696023
30615.0,30355.0,30411.132041386983
30096.0,30355.0,30401.02688036569
30467.0,30318.0,30393.42658144424
30318.0,30281.0,30389.39662431912
30281.0,30281.0,30389.655605267348
30096.0,30281.0,30394.49015389518
30281.0,30281.0,30403.713839454307
30355.0,30355.0,30416.70936132971
30801.0,30355.0,30432.49731628327
30689.0,30355.0,30449.866912762445
30318.0,30689.0,30467.51602969162
30207.0,30689.0,30484.191835515354
30949.0,30504.0,30498.817346547505
30801.0,30504.0,30510.572569077023
30504.0,30578.0,30518.959404363726
30207.0,30578.0,30523.780657450487
30578.0,30578.0,30525.14856180975
30652.0,30578.0,30523.4131717783
30689.0,30578.0,30519.090587636154
30096.0,30652.0,30512.776648194398
30393.0,30393.0,30505.08806592434
30726.0,30393.0,30496.552930217622
30170.0,30467.0,30487.57014367736
30986.0,30467.0,30478.3660929889
30467.0,30467.0,30468.990578472418
30207.0,30467.0,30459.34918728648
30467.0,30467.0,30449.265966825664
30652.0,30467.0,30438.553861243174
30838.0,30467.0,30427.107362622548
30393.0,30467.0,30414.970155694435
30467.0,30467.0,30402.36897532057
30393.0,30393.0,30389.723990389386
30541.0,30393.0,30377.634513765668
29799.0,30281.0,30366.80270070788
30170.0,30281.0,30357.96061202007
30281.0,30281.0,30351.7951965252
30318.0,30281.0,30348.870718375583
30355.0,30281.0,30349.562190580607
30281.0,30318.0,30354.011312455918
29873.0,30318.0,30362.10246548328
30318.0,30318.0,30373.453763785357
30355.0,30318.0,30387.437345434457
30430.0,30355.0,30403.20003034862
30244.0,30393.0,30419.7365573587
30875.0,30430.0,30435.96588859566
30393.0,30504.0,30450.82751009518
30504.0,30652.0,30463.38134795276
30652.0,30541.0,30472.90305116331
30801.0,30541.0,30478.95382874897
30541.0,30615.0,30481.41021012143
30467.0,30541.0,30480.4496234491
30615.0,30467.0,30476.498295293743
30393.0,30467.0,30470.154738113808
30355.0,30430.0,30462.08890439022
30689.0,30430.0,30452.960428746745
30430.0,30430.0,30443.341565687413
30689.0,30430.0,30433.680768717844
30207.0,30430.0,30424.287358085065
30393.0,30393.0,30415.346163389335
30764.0,30393.0,30406.947333683198
30281.0,30393.0,30399.130669646387
30615.0,30393.0,30391.92398779952
30355.0,30393.0,30385.376246056196
30393.0,30393.0,30379.576037018207
30430.0,30355.0,30374.652004665535
30355.0,30393.0,30370.76099261661
30281.0,30355.0,30368.05943131964
30615.0,30281.0,30366.67098701762
