angle_deg,image_index,image,method,rmse_from_raw,mae_from_raw,residual_std,derivative_noise_mad,max_abs_derivative,max_abs_derivative_position,major_candidate_position,major_candidate_shift_from_median_gaussian,main_peak_prominence,main_peak_width,significant_peak_count,artificial_peak_suspect_count,assessment
0,0,img114142_  0_  0.tiff,Raw,0.0,0.0,0.0,272.79839999999996,2040.0,507,507,1,2040.0,4.500263898662922,7,0,candidate_only_not_PD
0,0,img114142_  0_  0.tiff,Median+Gaussian,537.3978332038097,349.164395999632,537.2981297114864,14.993626786293415,379.2844431277299,506,506,0,379.25937585016436,8.268521476306375,10,0,candidate_only_not_PD
0,0,img114142_  0_  0.tiff,Huber MRF lambda=0.1,48.65459744324867,40.26010632666565,48.65459744324867,238.78931386895067,2040.0000003237292,507,507,1,2039.9999998844723,4.438194609439051,8,0,candidate_only_not_PD
0,0,img114142_  0_  0.tiff,Huber MRF lambda=1,209.85552052175683,166.76247290950272,209.85552052175683,112.81484708960447,2040.0000014932812,507,507,1,2039.84076541186,3.9403175135756214,11,0,candidate_only_not_PD
0,0,img114142_  0_  0.tiff,Huber MRF lambda=10,389.90998064611426,287.85260561571414,389.90998064611426,29.66121873322834,1504.3413247589124,507,507,1,1504.315442244555,2.718934085361468,10,0,candidate_only_not_PD
6,1,img114149_  1_  6.tiff,Raw,0.0,0.0,0.0,189.7728,1120.0,900,900,394,1120.0,4.1299999999999955,7,0,candidate_only_not_PD
6,1,img114149_  1_  6.tiff,Median+Gaussian,341.3149406489175,240.00706326916787,341.3132348030864,10.946494282878234,216.47123490275044,506,506,0,216.43192126764916,8.47973677782312,7,0,candidate_only_not_PD
6,1,img114149_  1_  6.tiff,Huber MRF lambda=0.1,35.32441011691307,29.16434675291297,35.32441011691307,165.94912765885067,1120.000000612792,900,900,394,1119.4179316580994,4.088302971263261,10,0,candidate_only_not_PD
6,1,img114149_  1_  6.tiff,Huber MRF lambda=1,152.43285312296635,120.1237830151908,152.43285312296635,84.43193028976823,1120.0003114799038,900,900,394,1119.6034326772897,3.6216688080993436,11,0,candidate_only_not_PD
6,1,img114149_  1_  6.tiff,Huber MRF lambda=10,273.7799231003105,206.17686531217515,273.7799231003105,22.52862775852572,594.5107914125547,506,506,0,594.4666696714448,3.492880938244184,8,0,candidate_only_not_PD
12,2,img114154_  2_ 12.tiff,Raw,0.0,0.0,0.0,225.3552,1440.0,511,511,5,1440.0,1.8632478632478637,8,0,candidate_only_not_PD
12,2,img114154_  2_ 12.tiff,Median+Gaussian,428.9306463312572,289.1930108085549,428.9079787938485,12.391021358625192,260.21390872074335,506,506,0,260.10523566909615,7.974527238631708,8,0,candidate_only_not_PD
12,2,img114154_  2_ 12.tiff,Huber MRF lambda=0.1,41.45819492377448,34.056210487684694,41.45819492377448,201.71292467822516,1380.4703888767617,511,511,5,1379.7118563026343,1.943029322622806,9,0,candidate_only_not_PD
12,2,img114154_  2_ 12.tiff,Huber MRF lambda=1,175.74927105476843,138.28128323515213,175.74927105476843,98.80838624203292,1343.9999612119282,506,506,0,1343.378325025471,4.166461198057391,8,0,candidate_only_not_PD
12,2,img114154_  2_ 12.tiff,Huber MRF lambda=10,325.088927201198,240.5658204125099,325.088927201198,26.070733877032083,876.7942366309653,506,506,0,876.7755362720454,2.760790103011175,7,0,candidate_only_not_PD
18,3,img114159_  3_ 18.tiff,Raw,0.0,0.0,0.0,296.52,1968.0,506,506,0,1968.0,3.2451127819549015,6,0,candidate_only_not_PD
18,3,img114159_  3_ 18.tiff,Median+Gaussian,536.1460022551053,356.4383596549915,536.1310060991706,14.938636153648096,330.9678719469375,506,506,0,330.9318331402137,8.12117991021313,9,0,candidate_only_not_PD
18,3,img114159_  3_ 18.tiff,Huber MRF lambda=0.1,48.705612230163034,40.06971366466265,48.705612230163034,258.0710319271221,1958.9311304633447,506,506,0,1957.8147460133005,3.2647290887389886,7,0,candidate_only_not_PD
18,3,img114159_  3_ 18.tiff,Huber MRF lambda=1,212.36286181992668,168.06318574186656,212.36286181992668,122.57800441829576,1907.402355792572,506,506,0,1907.2283796545416,3.231458987147562,8,0,candidate_only_not_PD
18,3,img114159_  3_ 18.tiff,Huber MRF lambda=10,392.53404251774657,294.0840017781839,392.53404251774657,32.71316484720474,1192.1600166384633,506,506,0,1192.0468484861158,2.8764700257324876,9,0,candidate_only_not_PD
24,4,img114204_  4_ 24.tiff,Raw,0.0,0.0,0.0,154.19039999999998,864.0,506,506,0,864.0,2.1700549450549715,4,0,candidate_only_not_PD
24,4,img114204_  4_ 24.tiff,Median+Gaussian,241.43988165886805,174.88132453385046,241.4202680935747,7.894537161564777,124.45182201504213,506,506,0,124.43424898741432,8.212512536706924,7,0,candidate_only_not_PD
24,4,img114204_  4_ 24.tiff,Huber MRF lambda=0.1,28.565367183528465,23.932859886743767,28.565367183528465,134.09486131164851,846.4254240887312,506,506,0,845.5745767926346,2.223715179762337,5,0,candidate_only_not_PD
24,4,img114204_  4_ 24.tiff,Huber MRF lambda=1,115.97343446445596,93.21837921318568,115.97343446445596,64.29256544185999,772.9747010284082,506,506,0,772.9264098275889,2.419786267753011,9,0,candidate_only_not_PD
24,4,img114204_  4_ 24.tiff,Huber MRF lambda=10,197.97148593251637,152.14469727349316,197.97148593251637,16.32739485359722,266.64696784756234,506,506,0,266.62497682769754,5.542079372147214,10,0,candidate_only_not_PD
30,5,img114208_  5_ 30.tiff,Raw,0.0,0.0,0.0,154.19039999999998,1040.0,506,506,0,1040.0,2.09803023362349,8,0,candidate_only_not_PD
30,5,img114208_  5_ 30.tiff,Median+Gaussian,274.06032691296423,190.03271121456524,274.0554280883894,8.950216941834462,141.6307076331359,506,506,0,141.61714112175105,8.108277953021002,7,0,candidate_only_not_PD
30,5,img114208_  5_ 30.tiff,Huber MRF lambda=0.1,30.777553864009484,25.361118928010807,30.777553864009484,135.5492956511263,1017.1213065692536,506,506,0,1016.9762539452349,2.1825420465790444,9,0,candidate_only_not_PD
30,5,img114208_  5_ 30.tiff,Huber MRF lambda=1,125.09169079057577,98.66158558180477,125.09169079057575,66.96870041087087,914.6313486650433,506,506,0,914.2977698146424,2.492277904797845,7,0,candidate_only_not_PD
30,5,img114208_  5_ 30.tiff,Huber MRF lambda=10,215.11598617869504,162.833532447834,215.11598617869504,17.281704829171915,305.47181712443125,506,506,0,305.46261265827707,5.418401535217868,7,0,candidate_only_not_PD
36,6,img114213_  6_ 36.tiff,Raw,0.0,0.0,0.0,213.49439999999998,1064.0,506,506,0,1064.0,5.175925925925924,6,0,candidate_only_not_PD
36,6,img114213_  6_ 36.tiff,Median+Gaussian,369.92248601384426,255.06126985340697,369.9215034206572,9.996401528201966,200.9407418850933,506,506,0,200.8636572295909,8.225161206647158,8,0,candidate_only_not_PD
36,6,img114213_  6_ 36.tiff,Huber MRF lambda=0.1,37.73818262606497,31.03460525922823,37.73818262606497,181.91110303695518,1063.9999984559436,506,506,0,1063.70494438495,5.14326932840595,11,0,candidate_only_not_PD
36,6,img114213_  6_ 36.tiff,Huber MRF lambda=1,158.61495422680738,125.98274268263562,158.61495422680738,88.97065165531438,1020.4257375370471,506,506,0,1020.3689145975986,4.712856417642627,8,0,candidate_only_not_PD
36,6,img114213_  6_ 36.tiff,Huber MRF lambda=10,284.42230371454013,215.01233903153482,284.42230371454013,23.151094658917458,557.6012592116276,506,506,0,557.5774018311567,4.14073946949901,10,0,candidate_only_not_PD
42,7,img114218_  7_ 42.tiff,Raw,0.0,0.0,0.0,154.19039999999998,1112.0,901,901,395,1112.0,1.929463260620082,5,0,candidate_only_not_PD
42,7,img114218_  7_ 42.tiff,Median+Gaussian,266.5675463432677,187.0769899741312,266.56684192125715,8.247971403028915,149.99993501259087,506,506,0,149.99117051370922,8.21523196533451,7,0,candidate_only_not_PD
42,7,img114218_  7_ 42.tiff,Huber MRF lambda=0.1,27.73767664251884,23.03347086737058,27.73767664251884,131.17472866402457,1078.5209665961047,901,901,395,1077.2071703574002,2.008606273089754,10,0,candidate_only_not_PD
42,7,img114218_  7_ 42.tiff,Huber MRF lambda=1,121.43311886667558,96.08559896455147,121.43311886667558,65.97857016626742,953.8682687456385,901,901,395,953.3783256509923,2.2623301741388104,12,0,candidate_only_not_PD
42,7,img114218_  7_ 42.tiff,Huber MRF lambda=10,212.0122874772728,160.27703208303504,212.0122874772728,17.955303268483828,461.5370554811634,506,506,0,461.46689297417834,2.73970540893049,7,0,candidate_only_not_PD
48,8,img114223_  8_ 48.tiff,Raw,0.0,0.0,0.0,177.91199999999998,960.0,506,506,0,960.0,3.7372967479674344,6,0,candidate_only_not_PD
48,8,img114223_  8_ 48.tiff,Median+Gaussian,306.6245808770015,212.6689399158076,306.60425622450094,9.15111973031198,172.3710797178319,506,506,0,172.3450054929708,7.9228891880844685,8,0,candidate_only_not_PD
48,8,img114223_  8_ 48.tiff,Huber MRF lambda=0.1,33.67746986881144,27.915901637551453,33.67746986881144,152.83040706848993,951.2843381158746,506,506,0,951.2196501203289,3.7644682450847426,7,0,candidate_only_not_PD
48,8,img114223_  8_ 48.tiff,Huber MRF lambda=1,136.3342171274219,109.48470162874237,136.3342171274219,75.217799660072,890.667590196008,506,506,0,890.556303731104,3.8117805444020973,8,0,candidate_only_not_PD
48,8,img114223_  8_ 48.tiff,Huber MRF lambda=10,239.3014319368476,180.77138860234953,239.30143193684756,19.6199197241009,445.4791611413784,506,506,0,445.304124311544,4.049004064650262,9,0,candidate_only_not_PD
54,9,img114227_  9_ 54.tiff,Raw,0.0,0.0,0.0,154.19039999999998,816.0,507,507,1,816.0,4.6053571428571445,5,0,candidate_only_not_PD
54,9,img114227_  9_ 54.tiff,Median+Gaussian,261.6469681058035,185.5230052315,261.6406948749279,9.084178861177026,164.9079351398832,506,506,0,164.88609095868742,7.98158512804082,7,0,candidate_only_not_PD
54,9,img114227_  9_ 54.tiff,Huber MRF lambda=0.1,28.173320415732032,23.156527489771427,28.173320415732032,140.90988074953233,815.9999995068756,507,507,1,815.844637140457,4.555363444863644,6,0,candidate_only_not_PD
54,9,img114227_  9_ 54.tiff,Huber MRF lambda=1,121.08015441757374,95.7763840867862,121.08015441757372,68.17510994680364,790.5140303454209,507,507,1,790.2143696095263,4.277158211507071,9,0,candidate_only_not_PD
54,9,img114227_  9_ 54.tiff,Huber MRF lambda=10,209.0734674563109,159.40911985398847,209.0734674563109,17.55263292306334,431.0671675701851,507,507,1,431.00484057223,4.052120147669427,9,0,candidate_only_not_PD
60,10,img114232_ 10_ 60.tiff,Raw,0.0,0.0,0.0,106.74719999999999,472.0,506,506,0,472.0,3.150383141762461,6,0,candidate_only_not_PD
60,10,img114232_ 10_ 60.tiff,Median+Gaussian,157.54047679307078,118.12356009133012,157.52476642367466,5.247960386301409,84.04110696785938,506,506,0,84.0243217512616,8.308163332821948,6,0,candidate_only_not_PD
60,10,img114232_ 10_ 60.tiff,Huber MRF lambda=0.1,19.417836670967684,16.002793881950392,19.41783667096768,97.97836139037572,471.9999982970039,506,506,0,471.5706642961777,3.0833690047513755,6,0,candidate_only_not_PD
60,10,img114232_ 10_ 60.tiff,Huber MRF lambda=1,84.08163165873286,66.83478427167726,84.08163165873286,46.3578902379636,462.35161088450695,506,506,0,462.32409443604047,2.692347851774059,8,0,candidate_only_not_PD
60,10,img114232_ 10_ 60.tiff,Huber MRF lambda=10,136.03963105526105,106.28893340864397,136.03963105526105,11.344123191751613,163.14875421440593,506,506,0,163.14524079509647,5.411599363427797,7,0,candidate_only_not_PD
66,11,img114237_ 11_ 66.tiff,Raw,0.0,0.0,0.0,130.4688,728.0,506,506,0,728.0,2.435688405797123,4,0,candidate_only_not_PD
66,11,img114237_ 11_ 66.tiff,Median+Gaussian,216.4593561893781,155.01630739916232,216.4495065377586,7.545649476986229,107.26766357443557,506,506,0,107.23520055489644,7.891986730008682,6,0,candidate_only_not_PD
66,11,img114237_ 11_ 66.tiff,Huber MRF lambda=0.1,24.56687434393659,20.39157639703162,24.566874343936593,116.6732827377906,718.4894259202156,506,506,0,718.1767078804114,2.4795671647872837,6,0,candidate_only_not_PD
66,11,img114237_ 11_ 66.tiff,Huber MRF lambda=1,106.37963610407324,84.04557724748473,106.37963610407324,56.695378879042885,666.7500896345882,506,506,0,666.6392371868533,2.634220968101374,9,0,candidate_only_not_PD
66,11,img114237_ 11_ 66.tiff,Huber MRF lambda=10,179.5690279928169,136.7561482627327,179.5690279928169,15.40896964684507,223.7777288371799,506,506,0,223.69529424559005,5.642166513652455,7,0,candidate_only_not_PD
72,12,img114241_ 12_ 72.tiff,Raw,0.0,0.0,0.0,225.3552,1736.0,507,507,1,1736.0,3.1466963210082213,8,0,candidate_only_not_PD
72,12,img114241_ 12_ 72.tiff,Median+Gaussian,426.24812794815034,282.211677551044,426.1593442839329,10.07003139435762,271.16158276564965,506,506,0,271.1150510202351,8.09141417740517,9,0,candidate_only_not_PD
72,12,img114241_ 12_ 72.tiff,Huber MRF lambda=0.1,39.81645340798419,32.637269285051346,39.81645340798419,202.14776954750124,1735.999999955915,507,507,1,1735.4309583358627,3.132471967299068,11,0,candidate_only_not_PD
72,12,img114241_ 12_ 72.tiff,Huber MRF lambda=1,173.62516986068397,136.58294416600415,173.62516986068397,100.81689839222962,1728.5373700346681,507,507,1,1728.1193608766916,2.95326836338819,10,0,candidate_only_not_PD
72,12,img114241_ 12_ 72.tiff,Huber MRF lambda=10,316.83649413908444,234.5514486006989,316.83649413908444,23.457109079341848,1059.1076158857213,507,507,1,1059.0456497948362,2.458674353751462,11,0,candidate_only_not_PD
78,13,img114246_ 13_ 78.tiff,Raw,0.0,0.0,0.0,201.6336,1184.0,507,507,-55,1184.0,3.0680887739711125,7,0,candidate_only_not_PD
78,13,img114246_ 13_ 78.tiff,Median+Gaussian,341.58425301694103,239.87152743979513,341.5515111353101,10.672248820337515,208.20136633049697,562,562,0,208.18082278717338,9.897002550090065,8,0,candidate_only_not_PD
78,13,img114246_ 13_ 78.tiff,Huber MRF lambda=0.1,34.4668686781688,28.176334773067556,34.4668686781688,171.75801525109367,1169.8996051496651,507,507,-55,1169.8382169096076,3.086303563638353,7,0,candidate_only_not_PD
78,13,img114246_ 13_ 78.tiff,Huber MRF lambda=1,148.06127590140488,117.04154465591114,148.06127590140488,87.38450348871348,1135.9984963544375,506,506,-56,1135.5088724883535,2.9500609508084494,8,0,candidate_only_not_PD
78,13,img114246_ 13_ 78.tiff,Huber MRF lambda=10,271.21492749129897,204.67923906671666,271.21492749129897,24.05212729866101,626.9325134256032,506,506,-56,626.9049376836047,2.7638290418414613,9,0,candidate_only_not_PD
84,14,img114251_ 14_ 84.tiff,Raw,0.0,0.0,0.0,249.0768,1600.0,506,506,0,1600.0,2.960710710710714,6,0,candidate_only_not_PD
84,14,img114251_ 14_ 84.tiff,Median+Gaussian,422.9362162139894,288.36442301781744,422.8966933114948,10.954208339971316,255.36691081442405,506,506,0,255.3624435889651,7.932018333012422,9,0,candidate_only_not_PD
84,14,img114251_ 14_ 84.tiff,Huber MRF lambda=0.1,39.786279217069634,32.73924618876489,39.786279217069634,223.81642522340377,1599.9999979391287,506,506,0,1598.7428564571346,2.9526366898127776,8,0,candidate_only_not_PD
84,14,img114251_ 14_ 84.tiff,Huber MRF lambda=1,174.122640195314,138.4499784441339,174.122640195314,109.21185829336508,1599.999997410836,506,506,0,1599.9588777509525,2.862706273475112,9,0,candidate_only_not_PD
84,14,img114251_ 14_ 84.tiff,Huber MRF lambda=10,316.2854258517324,239.48720575837143,316.2854258517324,26.551990196015947,984.2119626122512,506,506,0,984.1724986398876,2.8288287750534096,8,0,candidate_only_not_PD
90,15,img114256_ 15_ 90.tiff,Raw,0.0,0.0,0.0,320.2416,2416.0,506,506,0,2416.0,2.8032722255076123,5,0,candidate_only_not_PD
90,15,img114256_ 15_ 90.tiff,Median+Gaussian,615.6917463839823,395.20294136914197,615.6467062032721,16.01602641477179,412.1093425498584,506,506,0,412.0452356640344,8.211065577442355,9,0,candidate_only_not_PD
90,15,img114256_ 15_ 90.tiff,Huber MRF lambda=0.1,51.11087110622768,41.297304698043206,51.110871106227684,278.4504116596412,2415.999999333464,506,506,0,2415.86201156487,2.798965806136323,11,0,candidate_only_not_PD
90,15,img114256_ 15_ 90.tiff,Huber MRF lambda=1,228.65943361291437,177.45873311705125,228.65943361291437,142.8547142789131,2415.999918834783,506,506,0,2415.8004047380964,2.640002983117313,10,0,candidate_only_not_PD
90,15,img114256_ 15_ 90.tiff,Huber MRF lambda=10,426.8613099028087,313.8448944076059,426.8613099028087,37.88733182655518,1706.1549798186425,506,506,0,1706.1157163918506,2.3691526514801353,9,0,candidate_only_not_PD
96,16,img114300_ 16_ 96.tiff,Raw,0.0,0.0,0.0,213.49439999999998,1456.0,507,507,1,1456.0,2.4457197513151527,9,0,candidate_only_not_PD
96,16,img114300_ 16_ 96.tiff,Median+Gaussian,385.734753509339,264.1817412291326,385.6696364006225,11.99175891238192,233.7590105341078,506,506,0,233.73907316628538,7.967074061635401,9,0,candidate_only_not_PD
96,16,img114300_ 16_ 96.tiff,Huber MRF lambda=0.1,40.49178473496297,33.619011611567444,40.49178473496297,187.50514429848116,1437.3528840395556,507,507,1,1436.8541660470837,2.481767754900204,8,0,candidate_only_not_PD
96,16,img114300_ 16_ 96.tiff,Huber MRF lambda=1,165.120464031903,132.35138325968938,165.120464031903,89.55558839462653,1363.2040383697167,507,507,1,1362.9433745767856,2.5928413897792097,7,0,candidate_only_not_PD
96,16,img114300_ 16_ 96.tiff,Huber MRF lambda=10,298.10587189810394,223.7191827616749,298.10587189810394,22.86382347695881,767.7596987070028,506,506,0,767.7231441554432,2.633446461290646,9,0,candidate_only_not_PD
102,17,img114305_ 17_102.tiff,Raw,0.0,0.0,0.0,237.21599999999998,1608.0,506,506,0,1608.0,2.74121850775191,6,0,candidate_only_not_PD
102,17,img114305_ 17_102.tiff,Median+Gaussian,434.844831622808,292.63779157207273,434.84258169095637,13.080281876960212,263.20863614387054,506,506,0,263.14996462212366,8.09251813414204,8,0,candidate_only_not_PD
102,17,img114305_ 17_102.tiff,Huber MRF lambda=0.1,40.06099894987072,33.11736885944558,40.06099894987073,206.98303979961082,1608.000000318305,506,506,0,1607.2591091488466,2.7313001639486743,8,0,candidate_only_not_PD
102,17,img114305_ 17_102.tiff,Huber MRF lambda=1,177.54764929454308,140.5941542291096,177.54764929454308,102.83640816360649,1605.6812080422424,506,506,0,1605.608912871663,2.59933590882315,8,0,candidate_only_not_PD
102,17,img114305_ 17_102.tiff,Huber MRF lambda=10,321.1654711039541,241.40469008114027,321.1654711039541,27.79482471849509,936.3747492531547,506,506,0,936.2212265387607,2.5702245502258165,8,0,candidate_only_not_PD
108,18,img114310_ 18_108.tiff,Raw,0.0,0.0,0.0,272.79839999999996,2032.0,506,506,0,2032.0,2.694444444444457,12,0,candidate_only_not_PD
108,18,img114310_ 18_108.tiff,Median+Gaussian,505.03440123536046,330.7129166380972,505.02838743460114,14.897173805297735,320.6270226946617,506,506,0,320.5525069108262,8.141991502113285,9,0,candidate_only_not_PD
108,18,img114310_ 18_108.tiff,Huber MRF lambda=0.1,46.345521163110384,38.046001835880844,46.34552116311038,235.92339022701762,2032.0000000416876,506,506,0,2030.8577485902933,2.683978073151593,12,0,candidate_only_not_PD
108,18,img114310_ 18_108.tiff,Huber MRF lambda=1,200.58754544112116,157.37049067990915,200.58754544112116,118.26090580234806,2031.9999475840013,506,506,0,2031.6540672316441,2.5602514736511353,10,0,candidate_only_not_PD
108,18,img114310_ 18_108.tiff,Huber MRF lambda=10,366.78304303618546,270.8622478472102,366.78304303618546,29.956772441283892,1194.5305182118682,506,506,0,1194.4959217974501,2.7094139631670373,10,0,candidate_only_not_PD
114,19,img114315_ 19_114.tiff,Raw,0.0,0.0,0.0,142.3296,712.0,506,506,1,712.0,3.812693498452063,11,0,candidate_only_not_PD
114,19,img114315_ 19_114.tiff,Median+Gaussian,236.35413130974683,171.9674188876613,236.2568373859939,7.229469155110315,125.82918796451486,505,505,0,125.79482939193258,8.03735651670172,9,0,candidate_only_not_PD
114,19,img114315_ 19_114.tiff,Huber MRF lambda=0.1,26.422802567142817,21.897507775872892,26.422802567142817,131.02727190914518,712.0000001939407,506,506,1,711.9435543873406,3.745557507094702,7,0,candidate_only_not_PD
114,19,img114315_ 19_114.tiff,Huber MRF lambda=1,115.49133558896847,91.49242082583633,115.49133558896847,62.25621228376372,711.9991743239079,506,506,1,711.8025888962511,3.2368284457722893,10,0,candidate_only_not_PD
114,19,img114315_ 19_114.tiff,Huber MRF lambda=10,195.81103125591656,150.54604372649172,195.81103125591656,16.61243015827785,305.6084420731968,506,506,1,305.5739206345097,4.481129259742261,9,0,candidate_only_not_PD
120,20,img114319_ 20_120.tiff,Raw,0.0,0.0,0.0,154.19039999999998,800.0,506,506,0,800.0,2.5049019607843093,4,0,candidate_only_not_PD
120,20,img114319_ 20_120.tiff,Median+Gaussian,249.47757649594521,180.8540732494292,249.46363096809588,8.545035037803899,126.92098217871899,506,506,0,126.90148569460871,8.133956996634083,7,0,candidate_only_not_PD
120,20,img114319_ 20_120.tiff,Huber MRF lambda=0.1,28.73674911480281,24.032147289575278,28.73674911480281,134.24723501037653,791.7686867168377,506,506,0,791.5159772621773,2.5247507324294816,7,0,candidate_only_not_PD
120,20,img114319_ 20_120.tiff,Huber MRF lambda=1,119.15431442204692,95.45112570440483,119.15431442204694,64.93375418221052,732.6276744628303,506,506,0,732.6105196246826,2.6441941281856316,8,0,candidate_only_not_PD
120,20,img114319_ 20_120.tiff,Huber MRF lambda=10,201.90448582801142,157.1741969876534,201.90448582801142,17.07896907216571,252.3082278906586,506,506,0,252.2978615314205,5.7724574561688655,8,0,candidate_only_not_PD
126,21,img114324_ 21_126.tiff,Raw,0.0,0.0,0.0,177.91199999999998,1184.0,506,506,0,1184.0,3.9629629629629903,8,0,candidate_only_not_PD
126,21,img114324_ 21_126.tiff,Median+Gaussian,329.17978629073394,226.47658548135544,329.1797765857839,8.697987010365456,224.29394286233583,506,506,0,224.2805418565731,8.08173461419824,9,0,candidate_only_not_PD
126,21,img114324_ 21_126.tiff,Huber MRF lambda=0.1,33.60854698901554,27.676165973366565,33.60854698901554,155.02617512273616,1183.5062978770948,506,506,0,1183.1289198467603,3.918346337008188,12,0,candidate_only_not_PD
126,21,img114324_ 21_126.tiff,Huber MRF lambda=1,141.75393080504023,111.67376646352389,141.75393080504023,78.71199139834725,1164.518930777369,506,506,0,1164.2630387289355,3.6517717646325423,10,0,candidate_only_not_PD
126,21,img114324_ 21_126.tiff,Huber MRF lambda=10,249.2207680005547,188.89796426546926,249.2207680005547,20.61457323928322,786.2525792422675,506,506,0,786.1425736337878,2.712256417444962,10,0,candidate_only_not_PD
132,22,img114329_ 22_132.tiff,Raw,0.0,0.0,0.0,154.19039999999998,968.0,506,506,0,968.0,2.634046052631561,8,0,candidate_only_not_PD
132,22,img114329_ 22_132.tiff,Median+Gaussian,258.173899021098,185.36998921552197,258.1536015822952,8.276790504638951,163.61620688523544,506,506,0,163.5594994410676,8.388904767695863,8,0,candidate_only_not_PD
132,22,img114329_ 22_132.tiff,Huber MRF lambda=0.1,28.494792891488476,23.83512656943097,28.494792891488476,134.1395493005373,964.0530169359263,506,506,0,964.0530124585748,2.6496768141710163,8,0,candidate_only_not_PD
132,22,img114329_ 22_132.tiff,Huber MRF lambda=1,121.87627164934062,97.11196751947324,121.87627164934062,67.91041207646249,944.0071657242988,506,506,0,943.8169235083042,2.5637492866426896,10,0,candidate_only_not_PD
132,22,img114329_ 22_132.tiff,Huber MRF lambda=10,212.15233148268157,161.49659746614836,212.15233148268157,17.794246953834303,419.6642333185737,506,506,0,419.5999298842071,3.6121959328773983,9,0,candidate_only_not_PD
138,23,img114333_ 23_138.tiff,Raw,0.0,0.0,0.0,177.91199999999998,1296.0,507,507,1,1296.0,2.7208791208791467,8,0,candidate_only_not_PD
138,23,img114333_ 23_138.tiff,Median+Gaussian,330.1040657542219,227.02931510206167,330.0941555624639,11.872979831868086,208.94167149230998,506,506,0,208.93345595166102,8.134873448503924,7,0,candidate_only_not_PD
138,23,img114333_ 23_138.tiff,Huber MRF lambda=0.1,33.05995690510616,27.116084449133837,33.05995690510616,158.36772968828765,1282.6597445761472,507,507,1,1282.3442328502424,2.725110699377751,10,0,candidate_only_not_PD
138,23,img114333_ 23_138.tiff,Huber MRF lambda=1,143.142494793748,112.6815648735448,143.142494793748,77.43048536212343,1190.336150333871,507,507,1,1190.204601796897,2.7388269770406737,13,0,candidate_only_not_PD
138,23,img114333_ 23_138.tiff,Huber MRF lambda=10,259.2921956069232,193.77465166185144,259.29219560692314,22.23556109047155,667.3225242436965,506,506,0,667.2808246921049,2.6068970409049257,12,0,candidate_only_not_PD
144,24,img114338_ 24_144.tiff,Raw,0.0,0.0,0.0,201.6336,1424.0,507,507,1,1424.0,2.696428571428555,5,0,candidate_only_not_PD
144,24,img114338_ 24_144.tiff,Median+Gaussian,353.8758293954661,243.64805943114317,353.8488496841888,9.520680395690741,236.19856585086745,506,506,0,236.19459894093234,8.258827571428071,9,0,candidate_only_not_PD
144,24,img114338_ 24_144.tiff,Huber MRF lambda=0.1,35.667110768232675,29.431470417922693,35.667110768232675,173.43980718086186,1407.8996044696396,507,507,1,1407.3579078835137,2.7678392066899278,7,0,candidate_only_not_PD
144,24,img114338_ 24_144.tiff,Huber MRF lambda=1,152.48892772001744,120.7743079444325,152.48892772001744,86.37756225804056,1337.8634676816182,507,507,1,1337.3282016134544,2.893901116777897,9,0,candidate_only_not_PD
144,24,img114338_ 24_144.tiff,Huber MRF lambda=10,270.3283113989235,205.382427504154,270.3283113989235,22.83129792743736,772.1779568382881,507,507,1,772.0898222710566,2.598050119868219,10,0,candidate_only_not_PD
150,25,img114343_ 25_150.tiff,Raw,0.0,0.0,0.0,142.3296,736.0,507,507,-55,736.0,4.352159468438572,10,0,candidate_only_not_PD
150,25,img114343_ 25_150.tiff,Median+Gaussian,228.037075346568,164.76044689050846,228.02987749041148,7.47557133190575,125.26807812094194,562,562,0,125.24758755935545,9.73750469359419,6,0,candidate_only_not_PD
150,25,img114343_ 25_150.tiff,Huber MRF lambda=0.1,26.03961348230107,21.480282563104367,26.03961348230107,118.4438975027297,734.9249850986671,507,507,-55,734.8240267060901,4.2278295394821725,11,0,candidate_only_not_PD
150,25,img114343_ 25_150.tiff,Huber MRF lambda=1,108.99431721095829,86.42043994414728,108.99431721095829,58.587536025136096,712.000486057008,506,506,-56,711.9394073117037,3.1511163191406695,12,0,candidate_only_not_PD
150,25,img114343_ 25_150.tiff,Huber MRF lambda=10,188.64017032885437,143.47704977187198,188.64017032885437,16.653173497805838,285.3125599099185,506,506,-56,285.29620737747246,4.645818048938793,11,0,candidate_only_not_PD
156,26,img114348_ 26_156.tiff,Raw,0.0,0.0,0.0,166.0512,720.0,512,512,6,720.0,2.25,10,0,candidate_only_not_PD
156,26,img114348_ 26_156.tiff,Median+Gaussian,273.69313698200284,194.00293064343057,273.68956226651613,7.90508669812092,157.37497327011442,506,506,0,157.34151938490686,8.351595234423996,8,0,candidate_only_not_PD
156,26,img114348_ 26_156.tiff,Huber MRF lambda=0.1,28.906693654460124,23.66249825281782,28.906693654460124,143.14280872681965,697.4727451679646,512,512,6,697.4727386069935,2.2285751495173827,11,0,candidate_only_not_PD
156,26,img114348_ 26_156.tiff,Huber MRF lambda=1,126.26519905020781,99.76984303767306,126.26519905020781,66.73448909437772,679.9996165806697,505,505,-1,679.9356632914642,4.377661246536547,12,0,candidate_only_not_PD
156,26,img114348_ 26_156.tiff,Huber MRF lambda=10,218.86165900810477,166.67810699599403,218.86165900810477,17.445991676044027,381.6933146023948,506,506,0,381.56156684860616,4.5000048581654255,9,0,candidate_only_not_PD
162,27,img114352_ 27_162.tiff,Raw,0.0,0.0,0.0,272.79839999999996,2240.0,507,507,1,2240.0,3.0615209532734866,11,0,candidate_only_not_PD
162,27,img114352_ 27_162.tiff,Median+Gaussian,538.1851115117623,351.6401379120396,538.1740504640219,14.210281588801726,355.3014181275248,506,506,0,355.2904186566411,8.153183372590206,10,0,candidate_only_not_PD
162,27,img114352_ 27_162.tiff,Huber MRF lambda=0.1,47.240165435771395,38.60848939251375,47.240165435771395,235.948421402294,2239.999987098032,507,507,1,2239.2226810109314,3.0134983678786966,12,0,candidate_only_not_PD
162,27,img114352_ 27_162.tiff,Huber MRF lambda=1,204.73430777820207,160.60952650821,204.73430777820207,113.8199437335303,2137.313777827054,507,507,1,2136.94158426395,2.8234826206704042,10,0,candidate_only_not_PD
162,27,img114352_ 27_162.tiff,Huber MRF lambda=10,385.2160116890185,283.2455549340767,385.2160116890185,31.37249124658991,1341.3823259851051,506,506,0,1341.3323047435188,2.4133577008804536,9,0,candidate_only_not_PD
168,28,img114357_ 28_168.tiff,Raw,0.0,0.0,0.0,213.49439999999998,1528.0,506,506,0,1528.0,3.274960290446984,10,0,candidate_only_not_PD
168,28,img114357_ 28_168.tiff,Median+Gaussian,397.10640790253825,266.9908185360296,396.97457870966105,11.62828048128691,252.3758801575168,506,506,0,252.3494463481802,8.094334443802893,9,0,candidate_only_not_PD
168,28,img114357_ 28_168.tiff,Huber MRF lambda=0.1,39.22151973600249,31.713995865140447,39.22151973600249,185.9121476285436,1527.9999999802021,506,506,0,1527.4379025645649,3.2415379128245263,11,0,candidate_only_not_PD
168,28,img114357_ 28_168.tiff,Huber MRF lambda=1,167.59803112549903,130.66211631484364,167.59803112549903,94.63356440394472,1527.9999967277217,506,506,0,1527.4997083538037,2.974127034507717,11,0,candidate_only_not_PD
168,28,img114357_ 28_168.tiff,Huber MRF lambda=10,306.22954706515395,225.9441036411642,306.22954706515395,25.199282289576377,891.8307150250293,506,506,0,891.8078775396607,2.8919146434096206,8,0,candidate_only_not_PD
174,29,img114402_ 29_174.tiff,Raw,0.0,0.0,0.0,225.3552,1448.0,507,507,1,1448.0,2.6572649572649425,7,0,candidate_only_not_PD
174,29,img114402_ 29_174.tiff,Median+Gaussian,413.0944937440535,274.1110518397708,413.0940965418322,11.05046427869585,267.4725597719298,506,506,0,267.37624444077665,8.154134014706074,9,0,candidate_only_not_PD
174,29,img114402_ 29_174.tiff,Huber MRF lambda=0.1,37.30426148402221,30.766141510021598,37.30426148402221,193.90739194963254,1437.6527194402697,507,507,1,1436.996910973343,2.651482434029674,8,0,candidate_only_not_PD
174,29,img114402_ 29_174.tiff,Huber MRF lambda=1,163.32177066276859,129.1732396121387,163.32177066276859,98.59579714251143,1416.0004127745378,506,506,0,1415.8280868208785,2.583187047009744,12,0,candidate_only_not_PD
174,29,img114402_ 29_174.tiff,Huber MRF lambda=10,303.7292739788772,224.8592970715569,303.7292739788772,26.39218823780852,900.6415995231764,506,506,0,900.5028970492567,2.460175925805572,9,0,candidate_only_not_PD
180,30,img114407_ 30_180.tiff,Raw,0.0,0.0,0.0,284.6592,2608.0,507,507,1,2608.0,2.6706599964894053,9,0,candidate_only_not_PD
180,30,img114407_ 30_180.tiff,Median+Gaussian,606.519535683151,386.66415742440427,606.5044593882645,17.14592181151663,423.0835010876435,506,506,0,423.0603606425648,7.94063247867183,9,0,candidate_only_not_PD
180,30,img114407_ 30_180.tiff,Huber MRF lambda=0.1,50.5500772632653,41.41175870692342,50.5500772632653,255.9449705832518,2578.6527512725515,507,507,1,2577.6913782096235,2.7056150633421794,10,0,candidate_only_not_PD
180,30,img114407_ 30_180.tiff,Huber MRF lambda=1,221.57989086983338,174.2107871449647,221.57989086983338,131.03420300504158,2436.0791237682315,507,507,1,2435.6683580982462,2.805115816992952,13,0,candidate_only_not_PD
180,30,img114407_ 30_180.tiff,Huber MRF lambda=10,419.2363228932035,308.06758622814573,419.2363228932035,34.65676691623984,1762.9478525869454,506,506,0,1762.9050747674883,2.357823383904247,11,0,candidate_only_not_PD
186,31,img114411_ 31_186.tiff,Raw,0.0,0.0,0.0,213.49439999999998,1248.0,506,506,0,1248.0,3.315152643335807,6,0,candidate_only_not_PD
186,31,img114411_ 31_186.tiff,Median+Gaussian,379.2633202192313,261.7619638870033,379.26266296222,10.768330988502347,232.46038925759058,506,506,0,232.42325148161763,8.215011289957431,9,0,candidate_only_not_PD
186,31,img114411_ 31_186.tiff,Huber MRF lambda=0.1,39.796875436386166,33.01481392733322,39.796875436386166,187.92796401891263,1247.9999999081338,506,506,0,1247.5461245658043,3.319417441235089,6,0,candidate_only_not_PD
186,31,img114411_ 31_186.tiff,Huber MRF lambda=1,166.23987061986506,132.32826152956278,166.23987061986506,92.12644053233522,1247.999833291513,506,506,0,1247.7941780957517,3.1591278953073356,8,0,candidate_only_not_PD
186,31,img114411_ 31_186.tiff,Huber MRF lambda=10,299.4407168998375,223.21380513209073,299.4407168998375,24.428818862012065,651.7308589069071,506,506,0,651.6882861528902,3.4950022032531933,10,0,candidate_only_not_PD
192,32,img114416_ 32_192.tiff,Raw,0.0,0.0,0.0,249.0768,1400.0,506,506,0,1392.0,3.3448809523809473,8,0,candidate_only_not_PD
192,32,img114416_ 32_192.tiff,Median+Gaussian,429.7020830339796,293.2733941406423,429.6892785623932,11.4415176507323,248.0053789566955,506,506,0,248.00042837736692,8.065655626706416,9,0,candidate_only_not_PD
192,32,img114416_ 32_192.tiff,Huber MRF lambda=0.1,41.623140839400484,34.13379115749865,41.623140839400484,216.44902842195242,1399.9999999837346,506,506,0,1398.9500427415005,3.373545914281067,7,0,candidate_only_not_PD
192,32,img114416_ 32_192.tiff,Huber MRF lambda=1,181.179381231109,143.15752658417946,181.179381231109,102.5448545515643,1399.9999800234218,506,506,0,1399.8477312386676,3.219185351159183,8,0,candidate_only_not_PD
192,32,img114416_ 32_192.tiff,Huber MRF lambda=10,326.5685566249531,245.83206618255966,326.5685566249531,26.57610080894618,757.1173184322179,506,506,0,757.0170011658774,3.2690813717966876,9,0,candidate_only_not_PD
198,33,img114421_ 33_198.tiff,Raw,0.0,0.0,0.0,249.0768,2088.0,507,507,1,2088.0,2.5902985074626486,6,0,candidate_only_not_PD
198,33,img114421_ 33_198.tiff,Median+Gaussian,457.3799215435919,308.82978225420214,457.37765848684285,13.383925572510638,317.12998488427183,506,506,0,317.12050789016575,8.084134070366758,9,0,candidate_only_not_PD
198,33,img114421_ 33_198.tiff,Huber MRF lambda=0.1,42.956914552731355,35.11428346184912,42.956914552731355,216.21804526152866,2087.9999998666026,507,507,1,2087.706898325716,2.586117919841911,8,0,candidate_only_not_PD
198,33,img114421_ 33_198.tiff,Huber MRF lambda=1,184.9805855108002,147.25021087708268,184.9805855108002,110.21286749921069,2061.3065596947745,507,507,1,2061.1417657106576,2.5184754156942404,8,0,candidate_only_not_PD
198,33,img114421_ 33_198.tiff,Huber MRF lambda=10,340.122927034341,257.26195140104244,340.122927034341,27.778317730263286,1280.1028169754354,507,507,1,1279.8377518990783,2.370671831183529,9,0,candidate_only_not_PD
204,34,img114425_ 34_204.tiff,Raw,0.0,0.0,0.0,130.4688,672.0,506,506,0,672.0,3.081632653061206,8,0,candidate_only_not_PD
204,34,img114425_ 34_204.tiff,Median+Gaussian,210.05496456335484,153.87784112279522,210.04112372289677,7.115842917850318,115.54697979898629,506,506,0,115.49647448809628,8.29215012168845,6,0,candidate_only_not_PD
204,34,img114425_ 34_204.tiff,Huber MRF lambda=0.1,24.236200487429187,20.128374690885952,24.236200487429187,117.74058904676298,671.9999996126389,506,506,0,671.999998638752,3.012793845603653,8,0,candidate_only_not_PD
204,34,img114425_ 34_204.tiff,Huber MRF lambda=1,104.90517213383053,82.9389198177189,104.90517213383053,55.9298774010425,671.9982680971189,506,506,0,671.7771956574543,2.596549947899291,11,0,candidate_only_not_PD
204,34,img114425_ 34_204.tiff,Huber MRF lambda=10,178.09109235423406,136.53575126457267,178.09109235423404,15.346799088616208,267.4184448820124,506,506,0,267.3832669897638,4.501493226897594,10,0,candidate_only_not_PD
210,35,img114430_ 35_210.tiff,Raw,0.0,0.0,0.0,154.19039999999998,928.0,506,506,0,928.0,3.4671794871795214,9,0,candidate_only_not_PD
210,35,img114430_ 35_210.tiff,Median+Gaussian,268.6334133615577,187.95134916411064,268.6203311655368,8.22002902701925,152.59707086724302,506,506,0,152.56315716120662,7.84389848072135,8,0,candidate_only_not_PD
210,35,img114430_ 35_210.tiff,Huber MRF lambda=0.1,28.213722264273887,23.303039316615394,28.213722264273887,139.15144594367638,928.0000014812576,506,506,0,927.8171194086135,3.386695299457074,9,0,candidate_only_not_PD
210,35,img114430_ 35_210.tiff,Huber MRF lambda=1,122.72116802978955,96.5099276824921,122.72116802978955,66.28355157579816,927.9999032781889,506,506,0,927.4077888754109,2.9407324993130715,10,0,candidate_only_not_PD
210,35,img114430_ 35_210.tiff,Huber MRF lambda=10,213.29965815952784,161.7224552535853,213.29965815952784,17.71196909424204,454.68263773226136,506,506,0,454.65173449990107,3.3077548836895403,9,0,candidate_only_not_PD
216,36,img114435_ 36_216.tiff,Raw,0.0,0.0,0.0,177.91199999999998,1152.0,506,506,0,1152.0,2.915389740173225,9,0,candidate_only_not_PD
216,36,img114435_ 36_216.tiff,Median+Gaussian,313.64078014567974,219.68730798748598,313.63766073763924,9.584065046467511,203.39291446129937,506,506,0,203.3386236438746,8.232144751631836,9,0,candidate_only_not_PD
216,36,img114435_ 36_216.tiff,Huber MRF lambda=0.1,34.89224785984874,28.914480357199082,34.89224785984874,159.78837381273442,1148.423213010792,506,506,0,1148.1429516768876,2.933229699170397,8,0,candidate_only_not_PD
216,36,img114435_ 36_216.tiff,Huber MRF lambda=1,142.86418582390274,114.11279723984511,142.86418582390274,78.788733792679,1113.1346529380316,506,506,0,1112.8175315553854,2.9108592171399437,11,0,candidate_only_not_PD
216,36,img114435_ 36_216.tiff,Huber MRF lambda=10,247.06014218402902,188.97717898665795,247.06014218402902,20.131315098245356,606.6134822831846,506,506,0,606.5145179314823,2.8295257899305284,10,0,candidate_only_not_PD
222,37,img114440_ 37_222.tiff,Raw,0.0,0.0,0.0,154.19039999999998,672.0,506,506,0,672.0,4.316586921850103,4,0,candidate_only_not_PD
222,37,img114440_ 37_222.tiff,Median+Gaussian,235.80443623194904,169.9765525816881,235.80237542494953,6.50532349843142,126.11728995152589,506,506,0,126.0933567345819,8.294748397482635,8,0,candidate_only_not_PD
222,37,img114440_ 37_222.tiff,Huber MRF lambda=0.1,25.966198016990464,21.43156820824078,25.966198016990464,132.45643070821907,662.0000010181611,506,506,0,661.9842820203958,4.334068410360658,7,0,candidate_only_not_PD
222,37,img114440_ 37_222.tiff,Huber MRF lambda=1,112.96380751300231,89.70599554234606,112.96380751300231,66.43822132029433,631.9999744306078,506,506,0,631.9593561917463,4.08098891038469,11,0,candidate_only_not_PD
222,37,img114440_ 37_222.tiff,Huber MRF lambda=10,197.2001442115392,149.82888524857358,197.2001442115392,15.688362483930154,301.7694429538169,506,506,0,301.69999414518315,4.710758485196948,8,0,candidate_only_not_PD
228,38,img114444_ 38_228.tiff,Raw,0.0,0.0,0.0,189.7728,904.0,512,512,6,904.0,2.1794062646096677,5,0,candidate_only_not_PD
228,38,img114444_ 38_228.tiff,Median+Gaussian,307.43309243491586,217.2898075428404,307.4194998388895,10.79552473381402,172.06833557527352,506,506,0,171.9923863076474,7.918548614981262,9,0,candidate_only_not_PD
228,38,img114444_ 38_228.tiff,Huber MRF lambda=0.1,33.01252425377737,27.069285565292343,33.01252425377737,167.51396252184716,882.3098727434517,512,512,6,882.2853561205084,2.180318536309869,5,0,candidate_only_not_PD
228,38,img114444_ 38_228.tiff,Huber MRF lambda=1,139.70643860531376,110.1900979341472,139.70643860531376,78.60069918462747,791.9999978670203,506,506,0,791.8823139459055,4.370177650765243,7,0,candidate_only_not_PD
228,38,img114444_ 38_228.tiff,Huber MRF lambda=10,245.55314843773812,186.62262375905655,245.55314843773812,20.87190694843958,425.0782536881816,506,506,0,425.0593559361041,4.560195752021514,8,0,candidate_only_not_PD
234,39,img114449_ 39_234.tiff,Raw,0.0,0.0,0.0,189.7728,1200.0,506,506,0,1200.0,2.6399999999999864,6,0,candidate_only_not_PD
234,39,img114449_ 39_234.tiff,Median+Gaussian,312.3782812260539,222.05207770219067,312.3168496389778,8.195852006209869,170.03945637322977,506,506,0,170.01238162612208,7.964227658084496,8,0,candidate_only_not_PD
234,39,img114449_ 39_234.tiff,Huber MRF lambda=0.1,32.935181061651136,27.397565531238847,32.935181061651136,167.02411055205064,1199.148829498492,506,506,0,1199.108902476608,2.621177304569926,5,0,candidate_only_not_PD
234,39,img114449_ 39_234.tiff,Huber MRF lambda=1,143.80436780909085,115.36957965283867,143.80436780909085,81.56337599846792,1158.4118346987889,506,506,0,1158.2687740196525,2.5403281871218724,8,0,candidate_only_not_PD
234,39,img114449_ 39_234.tiff,Huber MRF lambda=10,246.38779869763525,190.18572331477486,246.38779869763525,20.18627007386803,487.56312936680115,506,506,0,487.52567378847016,3.46833649346064,9,0,candidate_only_not_PD
240,40,img114454_ 40_240.tiff,Raw,0.0,0.0,0.0,118.60799999999999,768.0,506,506,0,768.0,1.9475995316159356,8,0,candidate_only_not_PD
240,40,img114454_ 40_240.tiff,Median+Gaussian,178.82111055135138,131.99708112358815,178.79576201849548,6.939403896784675,93.69286970294343,506,506,0,93.68055332241784,8.349843711989706,7,0,candidate_only_not_PD
240,40,img114454_ 40_240.tiff,Huber MRF lambda=0.1,21.818111032438118,18.166963430550727,21.818111032438118,99.00702706342686,747.0238184216505,506,506,0,747.0238181790155,1.9930272805728464,12,0,candidate_only_not_PD
240,40,img114454_ 40_240.tiff,Huber MRF lambda=1,91.86655388277407,73.23044136184905,91.86655388277407,47.68135816705816,643.836391261415,506,506,0,643.6415642807842,2.199987290179763,11,0,candidate_only_not_PD
240,40,img114454_ 40_240.tiff,Huber MRF lambda=10,151.5059794518969,117.13923990929199,151.5059794518969,13.040987072194392,202.03740557375204,506,506,0,202.019677969216,5.1205026396802396,6,0,candidate_only_not_PD
246,41,img114459_ 41_246.tiff,Raw,0.0,0.0,0.0,142.3296,712.0,507,507,1,712.0,2.445320855614966,2,0,candidate_only_not_PD
246,41,img114459_ 41_246.tiff,Median+Gaussian,220.30692930883242,161.00190973078173,220.28175250295214,7.798968573046505,112.07428008124043,506,506,0,112.01699583021764,7.986989918662346,7,0,candidate_only_not_PD
246,41,img114459_ 41_246.tiff,Huber MRF lambda=0.1,26.095436740641414,21.717912824166763,26.095436740641414,122.4925443147444,703.9808010480847,506,506,0,703.4760201226491,2.4425614506520787,4,0,candidate_only_not_PD
246,41,img114459_ 41_246.tiff,Huber MRF lambda=1,105.06352887851283,84.25770024567662,105.06352887851283,60.82013717522511,677.1423064466944,506,506,0,676.6202396557455,2.387882579383188,8,0,candidate_only_not_PD
246,41,img114459_ 41_246.tiff,Huber MRF lambda=10,178.9366771691394,138.91569549146996,178.9366771691394,16.31671662672097,230.20734668389196,506,506,0,230.15728480147664,5.428602068501675,8,0,candidate_only_not_PD
252,42,img114503_ 42_252.tiff,Raw,0.0,0.0,0.0,260.9376,1744.0,506,506,0,1744.0,3.5494344365312145,8,0,candidate_only_not_PD
252,42,img114503_ 42_252.tiff,Median+Gaussian,480.2482467896586,316.658400790809,480.2340684911491,14.973613124939542,302.66624336736277,506,506,0,302.5584763426341,8.12857530307707,9,0,candidate_only_not_PD
252,42,img114503_ 42_252.tiff,Huber MRF lambda=0.1,43.52932793552002,35.63262034595555,43.52932793552002,221.11136570501066,1744.0000037086866,506,506,0,1741.9448813938252,3.464636507158616,9,0,candidate_only_not_PD
252,42,img114503_ 42_252.tiff,Huber MRF lambda=1,186.29484228064663,146.50937034406752,186.29484228064663,109.30607769013031,1744.000901047919,506,506,0,1743.2310388932674,3.1043343139975264,11,0,candidate_only_not_PD
252,42,img114503_ 42_252.tiff,Huber MRF lambda=10,349.1193215504387,258.59928747543444,349.1193215504387,29.03868870555855,1102.0242556538942,506,506,0,1101.9713004510668,2.7481680703769484,10,0,candidate_only_not_PD
258,43,img114508_ 43_258.tiff,Raw,0.0,0.0,0.0,225.3552,1688.0,507,507,1,1688.0,2.4608974358974365,5,0,candidate_only_not_PD
258,43,img114508_ 43_258.tiff,Median+Gaussian,390.17338197770374,266.4473870045821,390.15345411007615,11.586176609701555,244.93445034390243,506,506,0,244.8851571829473,8.117695227719025,9,0,candidate_only_not_PD
258,43,img114508_ 43_258.tiff,Huber MRF lambda=0.1,37.01867914693618,30.4811893858693,37.01867914693618,192.65474719479215,1658.7090574841932,507,507,1,1658.3290927475973,2.5204717162035877,8,0,candidate_only_not_PD
258,43,img114508_ 43_258.tiff,Huber MRF lambda=1,163.37367434070518,128.87073306856857,163.37367434070518,95.27708687324954,1524.2480685098344,507,507,1,1523.8968804572542,2.6772580419485053,11,0,candidate_only_not_PD
258,43,img114508_ 43_258.tiff,Huber MRF lambda=10,301.587129654567,223.85370441162434,301.587129654567,26.151258977916562,841.6601656957246,506,506,0,841.5163161603814,2.5206938969910766,9,0,candidate_only_not_PD
264,44,img114513_ 44_264.tiff,Raw,0.0,0.0,0.0,237.21599999999998,1808.0,506,506,0,1808.0,2.325814536340829,7,0,candidate_only_not_PD
264,44,img114513_ 44_264.tiff,Median+Gaussian,424.03704737297386,275.87931976423494,423.94365295769256,11.284850778393334,241.6616715029122,506,506,0,241.63651045673396,7.812584236952091,11,0,candidate_only_not_PD
264,44,img114513_ 44_264.tiff,Huber MRF lambda=0.1,37.73581440457994,31.313978548504302,37.73581440457994,202.05824861761505,1782.864995171367,506,506,0,1782.3932933397737,2.3857885385010604,7,0,candidate_only_not_PD
264,44,img114513_ 44_264.tiff,Huber MRF lambda=1,164.9917749395124,131.1448889044992,164.9917749395124,101.18075026214335,1696.7574622812535,506,506,0,1696.4100101801523,2.507785588402271,10,0,candidate_only_not_PD
264,44,img114513_ 44_264.tiff,Huber MRF lambda=10,305.7887462005951,227.1390818126536,305.7887462005951,27.056391248788856,969.6812323796912,506,506,0,969.4787405025636,2.7190869608660932,9,0,candidate_only_not_PD
270,45,img114517_ 45_270.tiff,Raw,0.0,0.0,0.0,272.79839999999996,2000.0,507,507,1,2000.0,4.237810168315093,13,0,candidate_only_not_PD
270,45,img114517_ 45_270.tiff,Median+Gaussian,519.2310159472506,331.88573206287515,519.2179021534552,13.642303730727672,370.5833522650064,506,506,0,370.56633934560523,7.874605265739433,9,0,candidate_only_not_PD
270,45,img114517_ 45_270.tiff,Huber MRF lambda=0.1,43.59489667499535,35.40185193701058,43.59489667499535,233.61246124528924,1999.9999999972715,507,507,1,1999.9113904855112,4.19015409352545,13,0,candidate_only_not_PD
270,45,img114517_ 45_270.tiff,Huber MRF lambda=1,196.42749463391834,154.4405324055895,196.42749463391834,109.23416547349458,2000.0000000542059,507,507,1,1999.759324169856,3.84374279051292,12,0,candidate_only_not_PD
270,45,img114517_ 45_270.tiff,Huber MRF lambda=10,368.043309745409,270.4096365504997,368.043309745409,28.031239662763095,1542.1541527524096,506,506,0,1542.0042842661933,2.626827386874254,10,0,candidate_only_not_PD
276,46,img114522_ 46_276.tiff,Raw,0.0,0.0,0.0,177.91199999999998,1272.0,506,506,1,1272.0,2.7325757575757734,9,0,candidate_only_not_PD
276,46,img114522_ 46_276.tiff,Median+Gaussian,317.5040792977795,222.59073022526718,317.4756362936316,10.46546259798879,195.29743613756,505,505,0,195.2688275264627,8.297212140675242,9,0,candidate_only_not_PD
276,46,img114522_ 46_276.tiff,Huber MRF lambda=0.1,32.930783593292,27.115378134109193,32.930783593292,158.91287145175824,1272.0000030691663,506,506,1,1271.5181175414436,2.709920411796247,10,0,candidate_only_not_PD
276,46,img114522_ 46_276.tiff,Huber MRF lambda=1,145.0453553192678,112.8617083262547,145.0453553192678,81.68247494715173,1260.666275665164,506,506,1,1260.100317297507,2.54578719336547,14,0,candidate_only_not_PD
276,46,img114522_ 46_276.tiff,Huber MRF lambda=10,257.3508524378693,192.57643651783457,257.3508524378693,21.34075399930088,624.7605850001928,506,506,1,624.674707874583,3.0638248889833903,9,0,candidate_only_not_PD
282,47,img114527_ 47_282.tiff,Raw,0.0,0.0,0.0,225.3552,1648.0,506,506,0,1648.0,3.2766599597586037,12,0,candidate_only_not_PD
282,47,img114527_ 47_282.tiff,Median+Gaussian,415.66261070843547,274.8215941002715,415.6601205223292,11.35154421898108,266.7263403588149,506,506,0,266.7119244086207,7.962413029524498,8,0,candidate_only_not_PD
282,47,img114527_ 47_282.tiff,Huber MRF lambda=0.1,39.605270762433044,32.690541728417145,39.60527076243304,193.57046509467938,1648.000000029704,506,506,0,1647.7278934264723,3.2653566564090966,12,0,candidate_only_not_PD
282,47,img114527_ 47_282.tiff,Huber MRF lambda=1,169.66348254461434,133.894669157081,169.66348254461434,96.21443254359019,1647.9999946556418,506,506,0,1647.1158530895846,3.0467422405961884,10,0,candidate_only_not_PD
282,47,img114527_ 47_282.tiff,Huber MRF lambda=10,314.26759374916867,231.4278197379366,314.26759374916867,24.811613180178036,1042.0931830670452,506,506,0,1041.9824187769627,2.6474936060977825,9,0,candidate_only_not_PD
288,48,img114532_ 48_288.tiff,Raw,0.0,0.0,0.0,260.9376,2056.0,506,506,0,2056.0,2.5434496996997495,6,0,candidate_only_not_PD
288,48,img114532_ 48_288.tiff,Median+Gaussian,468.1197381781049,314.375786053624,468.08677307767664,16.54560584236298,296.33121990779546,506,506,0,296.29384496643615,7.887457803023096,8,0,candidate_only_not_PD
288,48,img114532_ 48_288.tiff,Huber MRF lambda=0.1,43.20369713006424,35.51522979450252,43.20369713006424,231.08084213306986,2054.139500576286,506,506,0,2053.9867781067624,2.5258181370091393,6,0,candidate_only_not_PD
288,48,img114532_ 48_288.tiff,Huber MRF lambda=1,188.56841355664068,150.2412997719292,188.56841355664068,114.44111366666083,2040.9197831329438,506,506,0,2040.320096281528,2.413580676395725,9,0,candidate_only_not_PD
288,48,img114532_ 48_288.tiff,Huber MRF lambda=10,347.69484970649364,262.5051490316392,347.69484970649364,27.14693093117705,1174.468462568595,506,506,0,1174.3686319516855,2.427722224949548,11,0,candidate_only_not_PD
294,49,img114536_ 49_294.tiff,Raw,0.0,0.0,0.0,130.4688,648.0,506,506,-56,648.0,3.138009049773757,7,0,candidate_only_not_PD
294,49,img114536_ 49_294.tiff,Median+Gaussian,216.18499098145287,156.4228472482971,216.18128631299615,6.822570033026239,116.94528233872188,562,562,0,116.89377052044438,9.60024221733471,7,0,candidate_only_not_PD
294,49,img114536_ 49_294.tiff,Huber MRF lambda=0.1,24.140531929896696,19.894513134439624,24.140531929896696,114.18661978567658,645.0738384992655,506,506,-56,644.5558437680666,3.154261976825751,7,0,candidate_only_not_PD
294,49,img114536_ 49_294.tiff,Huber MRF lambda=1,105.9039791187563,82.82300301708959,105.9039791187563,57.78281078020549,627.70700237251,506,506,-56,627.5226640804685,3.064801518690331,9,0,candidate_only_not_PD
294,49,img114536_ 49_294.tiff,Huber MRF lambda=10,180.94400670450392,137.2327025865027,180.94400670450395,14.321569564085978,235.61163649076116,506,506,-56,235.54755652317908,5.616263646332754,9,0,candidate_only_not_PD
300,50,img114541_ 50_300.tiff,Raw,0.0,0.0,0.0,154.19039999999998,712.0,507,507,2,712.0,3.583990147783254,5,0,candidate_only_not_PD
300,50,img114541_ 50_300.tiff,Median+Gaussian,247.43894531275566,179.25685277842496,247.43793789750228,7.749623513411513,138.2934682868763,505,505,0,138.2662732072531,8.222345550694854,12,0,candidate_only_not_PD
300,50,img114541_ 50_300.tiff,Huber MRF lambda=0.1,28.80446613857343,24.03201706460819,28.80446613857343,135.51140750110773,692.7727011400129,507,507,2,692.7544536985733,3.72560130970146,7,0,candidate_only_not_PD
300,50,img114541_ 50_300.tiff,Huber MRF lambda=1,117.68365382534537,94.93384201862769,117.68365382534537,65.78521508632244,613.7673980996951,507,507,2,613.6023092084215,4.043656153477855,9,0,candidate_only_not_PD
300,50,img114541_ 50_300.tiff,Huber MRF lambda=10,201.5251823322648,154.8889708842871,201.5251823322648,17.901120640906182,264.5996721309639,506,506,1,264.5838534992872,6.088967086883258,10,0,candidate_only_not_PD
306,51,img114546_ 51_306.tiff,Raw,0.0,0.0,0.0,201.6336,1496.0,506,506,1,1496.0,2.6369949494949765,7,0,candidate_only_not_PD
306,51,img114546_ 51_306.tiff,Median+Gaussian,389.1277274156064,257.674371714025,389.1253547668824,11.745106836860787,228.1067177734585,505,505,0,228.05829369666026,8.014532201041902,8,0,candidate_only_not_PD
306,51,img114546_ 51_306.tiff,Huber MRF lambda=0.1,35.24806805035605,29.042110338048982,35.24806805035605,183.20202430419855,1493.8996048675035,506,506,1,1493.312348702526,2.6372435558811844,9,0,candidate_only_not_PD
306,51,img114546_ 51_306.tiff,Huber MRF lambda=1,161.50323030619305,125.78579590595128,161.50323030619305,89.71600281254038,1480.6878758739986,506,506,1,1480.6036289887343,2.568605389072218,11,0,candidate_only_not_PD
306,51,img114546_ 51_306.tiff,Huber MRF lambda=10,290.5797025628358,215.2223549023933,290.5797025628358,23.730838439358877,816.1263300464743,506,506,1,816.1048447512876,2.600286657649292,10,0,candidate_only_not_PD
312,52,img114550_ 52_312.tiff,Raw,0.0,0.0,0.0,189.7728,1048.0,506,506,1,1048.0,2.515251196172244,3,0,candidate_only_not_PD
312,52,img114550_ 52_312.tiff,Median+Gaussian,314.0471514639003,223.22896433572495,314.0429456343719,10.060323086598089,181.0658372829057,505,505,0,181.00582529898384,8.123514521525067,8,0,candidate_only_not_PD
312,52,img114550_ 52_312.tiff,Huber MRF lambda=0.1,33.0898617111042,27.41873951168132,33.0898617111042,163.653090964607,1047.506297842112,506,506,1,1047.1455398226317,2.514822855290845,7,0,candidate_only_not_PD
312,52,img114550_ 52_312.tiff,Huber MRF lambda=1,141.21222585390208,113.1361318601598,141.21222585390208,77.09019721242373,1042.6298254598223,506,506,1,1042.4500925351858,2.4567188274269824,7,0,candidate_only_not_PD
312,52,img114550_ 52_312.tiff,Huber MRF lambda=10,249.21417158781264,191.3520573732771,249.21417158781264,20.31756213920607,504.3767471132851,506,506,1,504.3629835722313,3.0140941950677416,8,0,candidate_only_not_PD
318,53,img114555_ 53_318.tiff,Raw,0.0,0.0,0.0,189.7728,1384.0,506,506,0,1384.0,2.095537441282147,7,0,candidate_only_not_PD
318,53,img114555_ 53_318.tiff,Median+Gaussian,333.78026271281317,231.91219524435553,333.73380625526005,10.602198686669873,188.03541556062555,506,506,0,188.01096498841434,7.960202691234883,9,0,candidate_only_not_PD
318,53,img114555_ 53_318.tiff,Huber MRF lambda=0.1,33.48548806808123,27.725507554312408,33.48548806808123,174.8348351121566,1361.6792624186273,506,506,0,1361.2178562882655,2.1579945627535153,7,0,candidate_only_not_PD
318,53,img114555_ 53_318.tiff,Huber MRF lambda=1,145.31872025007144,114.70536433908724,145.31872025007144,84.1462298839211,1270.1503050178835,506,506,0,1269.9901510000782,2.320918547009285,8,0,candidate_only_not_PD
318,53,img114555_ 53_318.tiff,Huber MRF lambda=10,257.1209967605747,195.32194038050088,257.1209967605747,22.76358754136642,599.4253710103112,506,506,0,599.3554342008028,2.6919654783367264,9,0,candidate_only_not_PD
324,54,img114600_ 54_324.tiff,Raw,0.0,0.0,0.0,201.6336,1344.0,506,506,0,1344.0,3.223099293726648,11,0,candidate_only_not_PD
324,54,img114600_ 54_324.tiff,Median+Gaussian,389.1045304472302,255.98830185174992,389.0898163604799,11.262848511466196,247.33524828606096,506,506,0,247.28680684156643,8.125024697255526,8,0,candidate_only_not_PD
324,54,img114600_ 54_324.tiff,Huber MRF lambda=0.1,34.94790956355588,28.894448401574348,34.94790956355588,179.4136420513494,1344.00000001242,506,506,0,1343.9309712245667,3.2331364464203034,11,0,candidate_only_not_PD
324,54,img114600_ 54_324.tiff,Huber MRF lambda=1,149.4462831759734,119.0425687817617,149.4462831759734,86.28210182370734,1343.9999932814171,506,506,0,1343.7350205475414,3.1596275242541765,10,0,candidate_only_not_PD
324,54,img114600_ 54_324.tiff,Huber MRF lambda=10,279.47964757242454,208.68930102765276,279.47964757242454,24.214291103852194,884.4411468703838,506,506,0,884.3622308041377,2.814952673221171,9,0,candidate_only_not_PD
330,55,img114605_ 55_330.tiff,Raw,0.0,0.0,0.0,154.19039999999998,824.0,512,512,7,824.0,2.0049975012493633,5,0,candidate_only_not_PD
330,55,img114605_ 55_330.tiff,Median+Gaussian,250.32140793834154,179.4404455210191,250.28138221037014,7.9772146718184445,135.91796182029793,505,505,0,135.901898942775,8.003195530200912,7,0,candidate_only_not_PD
330,55,img114605_ 55_330.tiff,Huber MRF lambda=0.1,26.950488676710098,22.493480893550604,26.950488676710098,137.90016098316912,795.168095963043,512,512,7,795.1094963696123,2.0061636855295433,6,0,candidate_only_not_PD
330,55,img114605_ 55_330.tiff,Huber MRF lambda=1,117.36728981272454,93.89056083557256,117.36728981272454,66.63103744757322,648.8644465019934,901,901,396,648.336238576223,4.3913986438446955,9,0,candidate_only_not_PD
330,55,img114605_ 55_330.tiff,Huber MRF lambda=10,204.3162563961799,156.11528765738606,204.3162563961799,16.65050948157787,326.3608277597086,506,506,1,326.2930151017463,4.903296127118836,8,0,candidate_only_not_PD
336,56,img114609_ 56_336.tiff,Raw,0.0,0.0,0.0,154.19039999999998,1120.0,506,506,0,1120.0,2.5757042253521263,5,0,candidate_only_not_PD
336,56,img114609_ 56_336.tiff,Median+Gaussian,279.7300380725004,194.25767110298122,279.7283935072102,8.207938479693377,156.2496462248564,506,506,0,156.24460294170422,8.259800474687324,8,0,candidate_only_not_PD
336,56,img114609_ 56_336.tiff,Huber MRF lambda=0.1,30.66480409176659,25.24970600619973,30.66480409176659,136.69217233200266,1117.0183673433312,506,506,0,1116.9751123415117,2.5512358704640405,6,0,candidate_only_not_PD
336,56,img114609_ 56_336.tiff,Huber MRF lambda=1,125.8104264658369,99.83654090952372,125.8104264658369,69.30807866345201,1072.5149583366037,506,506,0,1072.3514183282823,2.4248788510045074,10,0,candidate_only_not_PD
336,56,img114609_ 56_336.tiff,Huber MRF lambda=10,219.87701847674558,165.47072078577244,219.87701847674558,18.203537764429463,450.9358131413501,506,506,0,450.8839263191294,3.2697803834395813,9,0,candidate_only_not_PD
342,57,img114614_ 57_342.tiff,Raw,0.0,0.0,0.0,237.21599999999998,1760.0,506,506,0,1760.0,3.6506410256410504,9,0,candidate_only_not_PD
342,57,img114614_ 57_342.tiff,Median+Gaussian,457.0689528025377,301.5997722672295,457.0174558941487,13.63685122711558,307.1178428487765,506,506,0,307.0935187271207,8.01416463610235,10,0,candidate_only_not_PD
342,57,img114614_ 57_342.tiff,Huber MRF lambda=0.1,42.94872728519367,35.37584409429437,42.94872728519367,213.6418995872326,1760.0000000080036,506,506,0,1759.4919196244118,3.6279744393495434,9,0,candidate_only_not_PD
342,57,img114614_ 57_342.tiff,Huber MRF lambda=1,179.17433128903178,142.46522581841273,179.17433128903178,104.63596958635468,1759.9998311385862,506,506,0,1759.7842671846192,3.4222392266452744,9,0,candidate_only_not_PD
342,57,img114614_ 57_342.tiff,Huber MRF lambda=10,338.1415622192279,249.42539953463478,338.1415622192279,28.407253815978407,1220.3158410664073,506,506,0,1220.0436479562013,2.5444265179703507,9,0,candidate_only_not_PD
348,58,img114619_ 58_348.tiff,Raw,0.0,0.0,0.0,201.6336,1240.0,506,506,0,1240.0,3.2233187134502828,9,0,candidate_only_not_PD
348,58,img114619_ 58_348.tiff,Median+Gaussian,334.37713922177426,234.8734132069477,334.37344388697846,11.07607673339992,213.6750478681788,506,506,0,213.63061313949947,8.243130384520327,7,0,candidate_only_not_PD
348,58,img114619_ 58_348.tiff,Huber MRF lambda=0.1,34.8097487209454,28.635479404512047,34.8097487209454,177.61999377872104,1239.9999999474094,506,506,0,1239.2792649866096,3.2085291515114704,10,0,candidate_only_not_PD
348,58,img114619_ 58_348.tiff,Huber MRF lambda=1,148.7071979104663,117.70525332518702,148.7071979104663,86.80613298973475,1239.9999566521692,506,506,0,1239.5833313729781,3.028612621869513,10,0,candidate_only_not_PD
348,58,img114619_ 58_348.tiff,Huber MRF lambda=10,270.62635945413297,204.4139086331027,270.62635945413297,22.403674819197263,687.635792530953,506,506,0,687.5865894744456,3.124263230902841,9,0,candidate_only_not_PD
354,59,img114624_ 59_354.tiff,Raw,0.0,0.0,0.0,237.21599999999998,1536.0,507,507,1,1536.0,3.23813813813814,10,0,candidate_only_not_PD
354,59,img114624_ 59_354.tiff,Median+Gaussian,418.9684455479765,285.5532783943093,418.930365797901,11.308949946365914,261.083490422021,506,506,0,261.07063800493415,7.984410308170254,9,0,candidate_only_not_PD
354,59,img114624_ 59_354.tiff,Huber MRF lambda=0.1,40.66450393035138,33.559731504464935,40.66450393035138,206.19698572458054,1497.6469298857119,507,507,1,1497.5522632158136,3.2857078230609886,10,0,candidate_only_not_PD
354,59,img114624_ 59_354.tiff,Huber MRF lambda=1,178.95484082726585,141.56342695999433,178.95484082726585,98.61947971961325,1447.9999180237282,506,506,0,1447.9342857773227,3.236057830589459,11,0,candidate_only_not_PD
354,59,img114624_ 59_354.tiff,Huber MRF lambda=10,323.1361524358926,240.61548883091592,323.13615243589265,25.826687307386205,925.0779642223642,506,506,0,924.9780836033206,2.87337537779257,9,0,candidate_only_not_PD
360,60,img114628_ 60_360.tiff,Raw,0.0,0.0,0.0,272.79839999999996,2224.0,506,506,0,2224.0,2.968526897938659,10,0,candidate_only_not_PD
360,60,img114628_ 60_360.tiff,Median+Gaussian,540.6051112862214,353.39658772806314,540.6016122299698,15.09284535524888,376.6270838491255,506,506,0,376.6192385482609,8.049946729482258,9,0,candidate_only_not_PD
360,60,img114628_ 60_360.tiff,Huber MRF lambda=0.1,49.41994003973555,40.41709224070082,49.41994003973555,243.3852331803236,2223.99999911763,506,506,0,2223.4845386318484,2.9533377861553163,10,0,candidate_only_not_PD
360,60,img114628_ 60_360.tiff,Huber MRF lambda=1,210.56565444531313,166.15325089588248,210.56565444531313,116.43553470139744,2223.9999865067402,506,506,0,2223.445994521415,2.7667234415758344,12,0,candidate_only_not_PD
360,60,img114628_ 60_360.tiff,Huber MRF lambda=10,390.9257603491402,289.0991990423165,390.9257603491402,31.45804609642433,1547.630046132821,506,506,0,1547.4791809729031,2.361051715532483,10,0,candidate_only_not_PD
